Workbook

Sheet Городинский
A1: Выполняемые работы | B1: Кол-во выполненной работы | C1: 46143 | D1: 46144 | E1: 46145 | F1: 46146 | G1: 46147 | H1: 46148 | I1: 46149 | J1: 46150 | K1: 46151 | L1: 46152 | M1: 46153 | N1: 46154 | O1: 46155 | P1: 46156 | Q1: 46157 | R1: 46158 | S1: 46159 | T1: 46160 | U1: 46161 | V1: 46162 | W1: 46163 | X1: 46164 | Y1: 46165 | Z1: 46166 | AA1: 46167 | AB1: 46168 | AC1: 46169 | AD1: 46170 | AE1: 46171 | AF1: 46172 | AG1: 46173 | AH1: Май | AI1: 46174 | AJ1: 46175 | AK1: 46176 | AL1: 46177 | AM1: 46178 | AN1: 46179 | AO1: 46180 | AP1: 46181 | AQ1: 46182 | AR1: 46183 | AS1: 46184 | AT1: 46185 | AU1: 46186 | AV1: 46187 | AW1: 46188 | AX1: 46189 | AY1: 46190 | AZ1: 46191 | BA1: 46192 | BB1: 46193 | BC1: 46194 | BD1: 46195 | BE1: 46196 | BF1: 46197 | BG1: 46198 | BH1: 46199 | BI1: 46200 | BJ1: 46201 | BK1: 46202 | BL1: 46203 | BM1: Июнь | BN1: 46204 | BO1: 46205 | BP1: 46206 | BQ1: 46207 | BR1: 46208 | BS1: 46209 | BT1: 46210 | BU1: 46211 | BV1: 46212 | BW1: 46213 | BX1: 46214 | BY1: 46215 | BZ1: 46216 | CA1: 46217 | CB1: 46218 | CC1: 46219 | CD1: 46220 | CE1: 46221 | CF1: 46222 | CG1: 46223 | CH1: 46224 | CI1: 46225 | CJ1: 46226 | CK1: 46227 | CL1: 46228 | CM1: 46229 | CN1: 46230 | CO1: 46231 | CP1: 46232 | CQ1: 46233 | CR1: 46234 | CS1: Июль | CT1: 46235 | CU1: 46236 | CV1: 46237 | CW1: 46238 | CX1: 46239 | CY1: 46240 | CZ1: 46241 | DA1: 46242 | DB1: 46243 | DC1: 46244 | DD1: 46245 | DE1: 46246 | DF1: 46247 | DG1: 46248 | DH1: 46249 | DI1: 46250 | DJ1: 46251 | DK1: 46252 | DL1: 46253 | DM1: 46254 | DN1: 46255 | DO1: 46256 | DP1: 46257 | DQ1: 46258 | DR1: 46259 | DS1: 46260 | DT1: 46261 | DU1: 46262 | DV1: 46263 | DW1: 46264 | DX1: 46265 | DY1: Август | DZ1: 46266 | EA1: 46267 | EB1: 46268 | EC1: 46269 | ED1: 46270 | EE1: 46271 | EF1: 46272 | EG1: 46273 | EH1: 46274 | EI1: 46275 | EJ1: 46276 | EK1: 46277 | EL1: 46278 | EM1: 46279 | EN1: 46280 | EO1: 46281 | EP1: 46282 | EQ1: 46283 | ER1: 46284 | ES1: 46285 | ET1: 46286 | EU1: 46287 | EV1: 46288 | EW1: 46289 | EX1: 46290 | EY1: 46291 | EZ1: 46292 | FA1: 46293 | FB1: 46294 | FC1: 46295 | FD1: Сентябрь | FE1: 46296 | FF1: 46297 | FG1: 46298 | FH1: 46299 | FI1: 46300 | FJ1: 46301 | FK1: 46302 | FL1: 46303 | FM1: 46304 | FN1: 46305 | FO1: 46306 | FP1: 46307 | FQ1: 46308 | FR1: 46309 | FS1: 46310 | FT1: 46311 | FU1: 46312 | FV1: 46313 | FW1: 46314 | FX1: 46315 | FY1: 46316 | FZ1: 46317 | GA1: 46318 | GB1: 46319 | GC1: 46320 | GD1: 46321 | GE1: 46322 | GF1: 46323 | GG1: 46324 | GH1: 46325 | GI1: 46326 | GJ1: Октябрь | GK1: 46327 | GL1: 46328 | GM1: 46329 | GN1: 46330 | GO1: 46331 | GP1: 46332 | GQ1: 46333 | GR1: 46334 | GS1: 46335 | GT1: 46336 | GU1: 46337 | GV1: 46338 | GW1: 46339 | GX1: 46340 | GY1: 46341 | GZ1: 46342 | HA1: 46343 | HB1: 46344 | HC1: 46345 | HD1: 46346 | HE1: 46347 | HF1: 46348 | HG1: 46349 | HH1: 46350 | HI1: 46351 | HJ1: 46352 | HK1: 46353 | HL1: 46354 | HM1: 46355 | HN1: 46356 | HO1: Ноябрь | HP1: 46357 | HQ1: 46358 | HR1: 46359 | HS1: 46360 | HT1: 46361 | HU1: 46362 | HV1: 46363 | HW1: 46364 | HX1: 46365 | HY1: 46366 | HZ1: 46367 | IA1: 46368 | IB1: 46369 | IC1: 46370 | ID1: 46371 | IE1: 46372 | IF1: 46373 | IG1: 46374 | IH1: 46375 | II1: 46376 | IJ1: 46377 | IK1: 46378 | IL1: 46379 | IM1: 46380 | IN1: 46381 | IO1: 46382 | IP1: 46383 | IQ1: 46384 | IR1: 46385 | IS1: 46386 | IT1: 46387 | IU1: Декабрь | IV1: Всё
A2: Создание нового объекта в АРМ "Наружные сети", МПК "Панорама", внесение графического изображения газопровода и смежных коммуникаций, настройка связей, внесение электронного варианта ИТД | B2: м. | AH2: =SUM(C2:AG2) -> 0 | AK2: 53.29 | AL2: 55.03 | AX2: 80.61 | BD2: 16.41 | BE2: 10.17 | BF2: 9.84 | BG2: 26.97 | BH2: 60.11 | BK2: 26.98 | BL2: 119.41 | BM2: =SUM(AI2:BL2) -> 350.5 | BN2: 80.95 | BO2: 0.8 | BT2: 11.1 | BU2: 25.86 | CA2: 8.97 | CB2: 32.68 | CS2: =SUM(BN2:CR2) -> 160.36 | DK2: 37.15 | DL2: 31.85 | DQ2: 8.4 | DR2: 18.57 | DS2: 36.76 | DT2: 44.11 | DY2: =SUM(CT2:DX2) -> 176.84 | EB2: 31.9 | EG2: 38.3 | EN2: 21.1 | EQ2: 198.92 | FD2: =SUM(DZ2:FC2) -> 290.22 | GJ2: =SUM(FE2:GI2) -> 0 | HO2: =SUM(GK2:HN2) -> 0 | IT2: 1500 | IU2: =SUM(HP2:IT2) -> 1500 | IV2: =SUM(AH2,BM2,CS2,DY2,FD2,GJ2,HO2,IU2) -> 2477.92
A3: Внесение в 7эг, МПК "Панорама" актов на ликвидацию | B3: шт. | C3: 3 | AH3: =SUM(C3:AG3) -> 3 | AJ3: 1 | AK3: 1 | BM3: =SUM(AI3:BL3) -> 2 | CS3: =SUM(BN3:CR3) -> 0 | DQ3: 1 | DT3: 1 | DY3: =SUM(CT3:DX3) -> 2 | FD3: =SUM(DZ3:FC3) -> 0 | GJ3: =SUM(FE3:GI3) -> 0 | HO3: =SUM(GK3:HN3) -> 0 | IT3: 51 | IU3: =SUM(HP3:IT3) -> 51 | IV3: =SUM(AH3,BM3,CS3,DY3,FD3,GJ3,HO3,IU3) -> 58
A4: Сканирование нарядов, размещение в электронный архив | B4: шт. | C4: 26 | AH4: =SUM(C4:AG4) -> 26 | AI4: 2 | AJ4: 1 | AL4: 1 | AX4: 2 | BE4: 1 | BG4: 6 | BH4: 1 | BK4: 3 | BM4: =SUM(AI4:BL4) -> 17 | CS4: =SUM(BN4:CR4) -> 0 | DY4: =SUM(CT4:DX4) -> 0 | FD4: =SUM(DZ4:FC4) -> 0 | GJ4: =SUM(FE4:GI4) -> 0 | HO4: =SUM(GK4:HN4) -> 0 | IT4: 128 | IU4: =SUM(HP4:IT4) -> 128 | IV4: =SUM(AH4,BM4,CS4,DY4,FD4,GJ4,HO4,IU4) -> 171
A5: Внесение нарядов в программные комплексы | B5: шт. | C5: 26 | AH5: =SUM(C5:AG5) -> 26 | AI5: 2 | AJ5: 1 | AL5: 1 | AX5: 2 | BE5: 1 | BG5: 6 | BH5: 1 | BK5: 3 | BM5: =SUM(AI5:BL5) -> 17 | CS5: =SUM(BN5:CR5) -> 0 | DY5: =SUM(CT5:DX5) -> 0 | FD5: =SUM(DZ5:FC5) -> 0 | GJ5: =SUM(FE5:GI5) -> 0 | HO5: =SUM(GK5:HN5) -> 0 | IT5: 129 | IU5: =SUM(HP5:IT5) -> 129 | IV5: =SUM(AH5,BM5,CS5,DY5,FD5,GJ5,HO5,IU5) -> 172
A6: Исправление замечаний в 7эг | B6: шт. | AH6: =SUM(C6:AG6) -> 0 | BM6: =SUM(AI6:BL6) -> 0 | CS6: =SUM(BN6:CR6) -> 0 | DY6: =SUM(CT6:DX6) -> 0 | FD6: =SUM(DZ6:FC6) -> 0 | GJ6: =SUM(FE6:GI6) -> 0 | HO6: =SUM(GK6:HN6) -> 0 | IT6: 30 | IU6: =SUM(HP6:IT6) -> 30 | IV6: =SUM(AH6,BM6,CS6,DY6,FD6,GJ6,HO6,IU6) -> 30
A7: Исправление замечаний в МПК Панорама | B7: шт. | AH7: =SUM(C7:AG7) -> 0 | BK7: 1 | BM7: =SUM(AI7:BL7) -> 1 | CJ7: 1 | CS7: =SUM(BN7:CR7) -> 1 | DY7: =SUM(CT7:DX7) -> 0 | FD7: =SUM(DZ7:FC7) -> 0 | GJ7: =SUM(FE7:GI7) -> 0 | HO7: =SUM(GK7:HN7) -> 0 | IT7: 31 | IU7: =SUM(HP7:IT7) -> 31 | IV7: =SUM(AH7,BM7,CS7,DY7,FD7,GJ7,HO7,IU7) -> 33
A8: Инвентаризация паспортов | B8: Арх. № (пунктов) | AH8: =SUM(C8:AG8) -> 0 | BM8: =SUM(AI8:BL8) -> 0 | CS8: =SUM(BN8:CR8) -> 0 | DY8: =SUM(CT8:DX8) -> 0 | FD8: =SUM(DZ8:FC8) -> 0 | GJ8: =SUM(FE8:GI8) -> 0 | HO8: =SUM(GK8:HN8) -> 0 | IT8: 5 | IU8: =SUM(HP8:IT8) -> 5 | IV8: =SUM(AH8,BM8,CS8,DY8,FD8,GJ8,HO8,IU8) -> 5
A9: Сканирование документации (листов) | B9: шт. | C9: 27 | AH9: =SUM(C9:AG9) -> 27 | AI9: 8 | AK9: 8 | AL9: 8 | AX9: 15 | BD9: 5 | BE9: 5 | BF9: 5 | BG9: 25 | BH9: 7 | BK9: 7 | BL9: 18 | BM9: =SUM(AI9:BL9) -> 111 | BN9: 12 | BO9: 4 | BT9: 6 | BU9: 6 | CA9: 6 | CB9: 6 | CN9: 208 | CO9: 6 | CS9: =SUM(BN9:CR9) -> 254 | CX9: 178 | DC9: 9 | DK9: 35 | DN9: 18 | DQ9: 17 | DS9: 33 | DY9: =SUM(CT9:DX9) -> 290 | DZ9: 3 | EA9: 19 | EF9: 21 | EM9: 10 | EQ9: 10 | FD9: =SUM(DZ9:FC9) -> 63 | FF9: 15 | GJ9: =SUM(FE9:GI9) -> 15 | HO9: =SUM(GK9:HN9) -> 0 | IT9: 433 | IU9: =SUM(HP9:IT9) -> 433 | IV9: =SUM(AH9,BM9,CS9,DY9,FD9,GJ9,HO9,IU9) -> 1193
A10: Прикрепление файлов итд в 7 ЭГ | B10: шт. | C10: 43 | AH10: =SUM(C10:AG10) -> 43 | AI10: 8 | AK10: 8 | AL10: 8 | AX10: 15 | BD10: 5 | BE10: 5 | BF10: 5 | BG10: 25 | BH10: 7 | BK10: 7 | BL10: 18 | BM10: =SUM(AI10:BL10) -> 111 | BN10: 12 | BO10: 4 | BT10: 6 | BU10: 6 | CA10: 6 | CB10: 6 | CN10: 9 | CO10: 6 | CS10: =SUM(BN10:CR10) -> 55 | DK10: 7 | DL10: 7 | DN10: 3 | DQ10: 6 | DR10: 11 | DS10: 4 | DT10: 10 | DY10: =SUM(CT10:DX10) -> 48 | EB10: 11 | EN10: 6 | EQ10: 5 | FD10: =SUM(DZ10:FC10) -> 22 | GJ10: =SUM(FE10:GI10) -> 0 | HO10: =SUM(GK10:HN10) -> 0 | IT10: 409 | IU10: =SUM(HP10:IT10) -> 409 | IV10: =SUM(AH10,BM10,CS10,DY10,FD10,GJ10,HO10,IU10) -> 688
A11: Связь графика КПО с картой КПО | B11: шт. | AH11: =SUM(C11:AG11) -> 0 | BM11: =SUM(AI11:BL11) -> 0 | CS11: =SUM(BN11:CR11) -> 0 | DY11: =SUM(CT11:DX11) -> 0 | FD11: =SUM(DZ11:FC11) -> 0 | GJ11: =SUM(FE11:GI11) -> 0 | HO11: =SUM(GK11:HN11) -> 0 | IT11: 220 | IU11: =SUM(HP11:IT11) -> 220 | IV11: =SUM(AH11,BM11,CS11,DY11,FD11,GJ11,HO11,IU11) -> 220
A12: Отрисовка фитингов в МПК Панорама | B12: шт. | AH12: =SUM(C12:AG12) -> 0 | BM12: =SUM(AI12:BL12) -> 0 | CS12: =SUM(BN12:CR12) -> 0 | DY12: =SUM(CT12:DX12) -> 0 | FD12: =SUM(DZ12:FC12) -> 0 | GJ12: =SUM(FE12:GI12) -> 0 | HO12: =SUM(GK12:HN12) -> 0 | IT12: 6 | IU12: =SUM(HP12:IT12) -> 6 | IV12: =SUM(AH12,BM12,CS12,DY12,FD12,GJ12,HO12,IU12) -> 6
A13: Нанесение подвалов в МПК "Панорама" | B13: шт. | AH13: =SUM(C13:AG13) -> 0 | BM13: =SUM(AI13:BL13) -> 0 | CS13: =SUM(BN13:CR13) -> 0 | DY13: =SUM(CT13:DX13) -> 0 | FD13: =SUM(DZ13:FC13) -> 0 | GJ13: =SUM(FE13:GI13) -> 0 | HO13: =SUM(GK13:HN13) -> 0 | IT13: 156 | IU13: =SUM(HP13:IT13) -> 156 | IV13: =SUM(AH13,BM13,CS13,DY13,FD13,GJ13,HO13,IU13) -> 156
A14: Исправление ошибок по целостности газопроводов | B14: шт. | AH14: =SUM(C14:AG14) -> 0 | BM14: =SUM(AI14:BL14) -> 0 | CS14: =SUM(BN14:CR14) -> 0 | DY14: =SUM(CT14:DX14) -> 0 | FD14: =SUM(DZ14:FC14) -> 0 | GJ14: =SUM(FE14:GI14) -> 0 | HO14: =SUM(GK14:HN14) -> 0 | IT14: 108 | IU14: =SUM(HP14:IT14) -> 108 | IV14: =SUM(AH14,BM14,CS14,DY14,FD14,GJ14,HO14,IU14) -> 108
A15: Заполнение карточки на кран на газопроводе-вводе | B15: шт. | AH15: =SUM(C15:AG15) -> 0 | BM15: =SUM(AI15:BL15) -> 0 | BN15: 2 | BO15: 1 | BT15: 1 | BU15: 1 | CA15: 1 | CB15: 1 | CN15: 26 | CO15: 32 | CS15: =SUM(BN15:CR15) -> 65 | CX15: 1 | DC15: 43 | DD15: 40 | DE15: 75 | DF15: 102 | DG15: 17 | DJ15: 70 | DK15: 9 | DL15: 12 | DM15: 65 | DN15: 43 | DQ15: 1 | DR15: 2 | DS15: 2 | DT15: 5 | DU15: 27 | DX15: 53 | DY15: =SUM(CT15:DX15) -> 567 | DZ15: 45 | EA15: 48 | EB15: 9 | EC15: 41 | EF15: 47 | EG15: 26 | EH15: 51 | EI15: 43 | EJ15: 28 | EM15: 45 | EN15: 33 | EO15: 59 | EP15: 53 | EQ15: 2 | FD15: =SUM(DZ15:FC15) -> 530 | FE15: 45 | GJ15: =SUM(FE15:GI15) -> 45 | HO15: =SUM(GK15:HN15) -> 0 | IT15: 750 | IU15: =SUM(HP15:IT15) -> 750 | IV15: =SUM(AH15,BM15,CS15,DY15,FD15,GJ15,HO15,IU15) -> 1957
A16: Демонтаж газопроводов | B16: Арх. № (пунктов) | AH16: =SUM(C16:AG16) -> 0 | BM16: =SUM(AI16:BL16) -> 0 | CS16: =SUM(BN16:CR16) -> 0 | DY16: =SUM(CT16:DX16) -> 0 | FD16: =SUM(DZ16:FC16) -> 0 | GJ16: =SUM(FE16:GI16) -> 0 | HO16: =SUM(GK16:HN16) -> 0 | IU16: =SUM(HP16:IT16) -> 0 | IV16: =SUM(AH16,BM16,CS16,DY16,FD16,GJ16,HO16,IU16) -> 0
A17: Инвентаризация запорных устройств | B17: шт. | C17: 23 | AH17: =SUM(C17:AG17) -> 23 | AI17: 3 | AJ17: 12 | AL17: 1 | BM17: =SUM(AI17:BL17) -> 16 | IV17: =SUM(AH17,BM17,CS17,DY17,FD17,GJ17,HO17,IU17) -> 39
A18: Иные работы | B18: шт. | AH18: =SUM(C18:AG18) -> 0 | AL18: 16 | AM18: 27 | AP18: 37 | AQ18: 50 | AR18: 41 | AS18: 53 | AT18: 39 | AW18: 49 | AY18: 13 | AZ18: 18 | BA18: 25 | BD18: 13 | BE18: 12 | BF18: 70 | BM18: =SUM(AI18:BL18) -> 463 | BO18: 15 | BS18: 33 | BT18: 19 | BU18: 28 | BV18: 45 | BW18: 41 | BZ18: 39 | CA18: 17 | CB18: 23 | CC18: 180 | CD18: 100 | CG18: 21 | CH18: 35 | CI18: 153 | CJ18: 61 | CK18: 46 | CN18: 59 | CP18: 320 | CQ18: 257 | CR18: 243 | CS18: =SUM(BN18:CR18) -> 1735 | CW18: 598 | CZ18: 15 | DC18: 21 | DD18: 10 | DJ18: 5 | DQ18: 8 | DU18: 9 | DX18: 5 | DY18: =SUM(CT18:DX18) -> 671 | DZ18: 7 | EA18: 8 | EI18: 5 | EJ18: 10 | FD18: =SUM(DZ18:FC18) -> 30 | FE18: 15 | FF18: 20 | GJ18: =SUM(FE18:GI18) -> 35 | HO18: =SUM(GK18:HN18) -> 0 | IU18: =SUM(HP18:IT18) -> 0 | IV18: =SUM(AH18,BM18,CS18,DY18,FD18,GJ18,HO18,IU18) -> 2934
A19: Внесение вновь принятого объекта в ПК УРГ | B19: шт. | AH19: =SUM(C19:AG19) -> 0 | BM19: =SUM(AI19:BL19) -> 0 | CS19: =SUM(BN19:CR19) -> 0 | CY19: 2 | DY19: =SUM(CT19:DX19) -> 2 | FD19: =SUM(DZ19:FC19) -> 0 | FE19: 1 | FF19: 1 | FI19: 2 | GJ19: =SUM(FE19:GI19) -> 4 | HO19: =SUM(GK19:HN19) -> 0 | IU19: =SUM(HP19:IT19) -> 0 | IV19: =SUM(AH19,BM19,CS19,DY19,FD19,GJ19,HO19,IU19) -> 6
A20: Оформление эксплуатационного паспорта в ПК УРГ | B20: шт. | AH20: =SUM(C20:AG20) -> 0 | BM20: =SUM(AI20:BL20) -> 0 | CS20: =SUM(BN20:CR20) -> 0 | CY20: 2 | DY20: =SUM(CT20:DX20) -> 2 | FD20: =SUM(DZ20:FC20) -> 0 | FE20: 1 | FF20: 1 | FI20: 2 | GJ20: =SUM(FE20:GI20) -> 4 | HO20: =SUM(GK20:HN20) -> 0 | IU20: =SUM(HP20:IT20) -> 0 | IV20: =SUM(AH20,BM20,CS20,DY20,FD20,GJ20,HO20,IU20) -> 6
A21: Инвентаризация объектов ПК УРГ | B21: шт. | AH21: =SUM(C21:AG21) -> 0 | BM21: =SUM(AI21:BL21) -> 0 | CS21: =SUM(BN21:CR21) -> 0 | DY21: =SUM(CT21:DX21) -> 0 | FD21: =SUM(DZ21:FC21) -> 0 | GJ21: =SUM(FE21:GI21) -> 0 | HO21: =SUM(GK21:HN21) -> 0 | IU21: =SUM(HP21:IT21) -> 0 | IV21: =SUM(AH21,BM21,CS21,DY21,FD21,GJ21,HO21,IU21) -> 0
A22: Прикрепление файлов в ПК УРГ | B22: шт. | AH22: =SUM(C22:AG22) -> 0 | BM22: =SUM(AI22:BL22) -> 0 | CC22: 210 | CD22: 200 | CS22: =SUM(BN22:CR22) -> 410 | CX22: 9 | CY22: 111 | CZ22: 47 | DC22: 29 | DD22: 8 | DY22: =SUM(CT22:DX22) -> 204 | FD22: =SUM(DZ22:FC22) -> 0 | FF22: 81 | FI22: 55 | GJ22: =SUM(FE22:GI22) -> 136 | HO22: =SUM(GK22:HN22) -> 0 | IU22: =SUM(HP22:IT22) -> 0 | IV22: =SUM(AH22,BM22,CS22,DY22,FD22,GJ22,HO22,IU22) -> 750
A23: Сканирование документации в ПК УРГ | B23: шт. | AH23: =SUM(C23:AG23) -> 0 | AJ23: 1 | BM23: =SUM(AI23:BL23) -> 1 | CA23: 1 | CS23: =SUM(BN23:CR23) -> 1 | CX23: 1 | CY23: 1 | CZ23: 2 | DG23: 2 | DY23: =SUM(CT23:DX23) -> 6 | FD23: =SUM(DZ23:FC23) -> 0 | GJ23: =SUM(FE23:GI23) -> 0 | HO23: =SUM(GK23:HN23) -> 0 | IU23: =SUM(HP23:IT23) -> 0 | IV23: =SUM(AH23,BM23,CS23,DY23,FD23,GJ23,HO23,IU23) -> 8
A24: Ликвидация неактуальной документации и фотоматериалов в ПК УРГ | B24: шт. | AH24: =SUM(C24:AG24) -> 0 | BM24: =SUM(AI24:BL24) -> 0 | CS24: =SUM(BN24:CR24) -> 0 | CY24: 110 | CZ24: 9 | DC24: 23 | DY24: =SUM(CT24:DX24) -> 142 | FD24: =SUM(DZ24:FC24) -> 0 | FF24: 23 | FI24: 105 | GJ24: =SUM(FE24:GI24) -> 128 | HO24: =SUM(GK24:HN24) -> 0 | IU24: =SUM(HP24:IT24) -> 0 | IV24: =SUM(AH24,BM24,CS24,DY24,FD24,GJ24,HO24,IU24) -> 270
AL25: 22

Sheet Горох
A1: Выполняемые работы | B1: Кол-во выполненной работы | C1: 46143 | D1: 46144 | E1: 46145 | F1: 46146 | G1: 46147 | H1: 46148 | I1: 46149 | J1: 46150 | K1: 46151 | L1: 46152 | M1: 46153 | N1: 46154 | O1: 46155 | P1: 46156 | Q1: 46157 | R1: 46158 | S1: 46159 | T1: 46160 | U1: 46161 | V1: 46162 | W1: 46163 | X1: 46164 | Y1: 46165 | Z1: 46166 | AA1: 46167 | AB1: 46168 | AC1: 46169 | AD1: 46170 | AE1: 46171 | AF1: 46172 | AG1: 46173 | AH1: Май | AI1: 46174 | AJ1: 46175 | AK1: 46176 | AL1: 46177 | AM1: 46178 | AN1: 46179 | AO1: 46180 | AP1: 46181 | AQ1: 46182 | AR1: 46183 | AS1: 46184 | AT1: 46185 | AU1: 46186 | AV1: 46187 | AW1: 46188 | AX1: 46189 | AY1: 46190 | AZ1: 46191 | BA1: 46192 | BB1: 46193 | BC1: 46194 | BD1: 46195 | BE1: 46196 | BF1: 46197 | BG1: 46198 | BH1: 46199 | BI1: 46200 | BJ1: 46201 | BK1: 46202 | BL1: 46203 | BM1: Июнь | BN1: 46204 | BO1: 46205 | BP1: 46206 | BQ1: 46207 | BR1: 46208 | BS1: 46209 | BT1: 46210 | BU1: 46211 | BV1: 46212 | BW1: 46213 | BX1: 46214 | BY1: 46215 | BZ1: 46216 | CA1: 46217 | CB1: 46218 | CC1: 46219 | CD1: 46220 | CE1: 46221 | CF1: 46222 | CG1: 46223 | CH1: 46224 | CI1: 46225 | CJ1: 46226 | CK1: 46227 | CL1: 46228 | CM1: 46229 | CN1: 46230 | CO1: 46231 | CP1: 46232 | CQ1: 46233 | CR1: 46234 | CS1: Июль | CT1: 46235 | CU1: 46236 | CV1: 46237 | CW1: 46238 | CX1: 46239 | CY1: 46240 | CZ1: 46241 | DA1: 46242 | DB1: 46243 | DC1: 46244 | DD1: 46245 | DE1: 46246 | DF1: 46247 | DG1: 46248 | DH1: 46249 | DI1: 46250 | DJ1: 46251 | DK1: 46252 | DL1: 46253 | DM1: 46254 | DN1: 46255 | DO1: 46256 | DP1: 46257 | DQ1: 46258 | DR1: 46259 | DS1: 46260 | DT1: 46261 | DU1: 46262 | DV1: 46263 | DW1: 46264 | DX1: 46265 | DY1: Август | DZ1: 46266 | EA1: 46267 | EB1: 46268 | EC1: 46269 | ED1: 46270 | EE1: 46271 | EF1: 46272 | EG1: 46273 | EH1: 46274 | EI1: 46275 | EJ1: 46276 | EK1: 46277 | EL1: 46278 | EM1: 46279 | EN1: 46280 | EO1: 46281 | EP1: 46282 | EQ1: 46283 | ER1: 46284 | ES1: 46285 | ET1: 46286 | EU1: 46287 | EV1: 46288 | EW1: 46289 | EX1: 46290 | EY1: 46291 | EZ1: 46292 | FA1: 46293 | FB1: 46294 | FC1: 46295 | FD1: Сентябрь | FE1: 46296 | FF1: 46297 | FG1: 46298 | FH1: 46299 | FI1: 46300 | FJ1: 46301 | FK1: 46302 | FL1: 46303 | FM1: 46304 | FN1: 46305 | FO1: 46306 | FP1: 46307 | FQ1: 46308 | FR1: 46309 | FS1: 46310 | FT1: 46311 | FU1: 46312 | FV1: 46313 | FW1: 46314 | FX1: 46315 | FY1: 46316 | FZ1: 46317 | GA1: 46318 | GB1: 46319 | GC1: 46320 | GD1: 46321 | GE1: 46322 | GF1: 46323 | GG1: 46324 | GH1: 46325 | GI1: 46326 | GJ1: Октябрь | GK1: 46327 | GL1: 46328 | GM1: 46329 | GN1: 46330 | GO1: 46331 | GP1: 46332 | GQ1: 46333 | GR1: 46334 | GS1: 46335 | GT1: 46336 | GU1: 46337 | GV1: 46338 | GW1: 46339 | GX1: 46340 | GY1: 46341 | GZ1: 46342 | HA1: 46343 | HB1: 46344 | HC1: 46345 | HD1: 46346 | HE1: 46347 | HF1: 46348 | HG1: 46349 | HH1: 46350 | HI1: 46351 | HJ1: 46352 | HK1: 46353 | HL1: 46354 | HM1: 46355 | HN1: 46356 | HO1: Ноябрь | HP1: 46357 | HQ1: 46358 | HR1: 46359 | HS1: 46360 | HT1: 46361 | HU1: 46362 | HV1: 46363 | HW1: 46364 | HX1: 46365 | HY1: 46366 | HZ1: 46367 | IA1: 46368 | IB1: 46369 | IC1: 46370 | ID1: 46371 | IE1: 46372 | IF1: 46373 | IG1: 46374 | IH1: 46375 | II1: 46376 | IJ1: 46377 | IK1: 46378 | IL1: 46379 | IM1: 46380 | IN1: 46381 | IO1: 46382 | IP1: 46383 | IQ1: 46384 | IR1: 46385 | IS1: 46386 | IT1: 46387 | IU1: Декабрь | IV1: Всё
A2: Создание нового объекта в АРМ "Наружные сети", МПК "Панорама", внесение графического изображения газопровода и смежных коммуникация, настройка связей, внесение электронного варианта ИТД | B2: м. | C2: 567.55 | AH2: =SUM(C2:AG2) -> 567.55 | AM2: 102.93 | AP2: 1 | AS2: 4 | AT2: 183.58 | AW2: 302.62 | AX2: 142.79 | BD2: все на смарку | BE2: 448.46 | BM2: =SUM(AI2:BL2) -> 1185.38 | BZ2: 2.612 | CA2: 103.92 | CB2: 99.05 | CD2: 51.92 | CG2: 496.08 | CH2: 25.14 | CO2: 23.1 | CP2: 74.74 | CS2: =SUM(BN2:CR2) -> 876.562 | CV2: 60.94 | CY2: 5.78 | DC2: 13.96 | DD2: 34.02 | DF2: 9.03 | DK2: 76.36 | DL2: 1.47 | DM2: 68.04 | DS2: 8.95 | DY2: =SUM(CT2:DX2) -> 278.55 | EB2: 43.77 | EF2: 134.155 | EG2: 134.155 | EH2: 891.89 | EI2: 90.76 | EN2: 40.56 | EQ2: 10.27 | ET2: 147.59 | EU2: 8.65 | EW2: 51.99 | EX2: 15.18 | FB2: 116.27 | FC2: 28.75 | FD2: =SUM(DZ2:FC2) -> 1713.99 | FE2: 110.78 | GJ2: =SUM(FE2:GI2) -> 110.78 | HO2: =SUM(GK2:HN2) -> 0 | IT2: 1500 | IU2: =SUM(HP2:IT2) -> 1500 | IV2: =SUM(AH2,BM2,CS2,DY2,FD2,GJ2,HO2,IU2) -> 6232.812
A3: Внесение в 7эг, МПК "Панорама" актов на ликвидацию | B3: шт. | C3: 93 | AH3: =SUM(C3:AG3) -> 93 | AK3: 1 | BM3: =SUM(AI3:BL3) -> 1 | CA3: 3 | CN3: 2 | CQ3: 1 | CR3: 2 | CS3: =SUM(BN3:CR3) -> 8 | DG3: 1 | DL3: 1 | DS3: 1 | DY3: =SUM(CT3:DX3) -> 3 | EH3: 1 | EW3: 2 | FA3: 1 | FD3: =SUM(DZ3:FC3) -> 4 | GJ3: =SUM(FE3:GI3) -> 0 | HO3: =SUM(GK3:HN3) -> 0 | IT3: 51 | IU3: =SUM(HP3:IT3) -> 51 | IV3: =SUM(AH3,BM3,CS3,DY3,FD3,GJ3,HO3,IU3) -> 160
A4: Сканирование нарядов, размещение в электронный архив | B4: шт. | C4: 61 | AH4: =SUM(C4:AG4) -> 61 | AI4: 5 | AJ4: 5 | AM4: 1 | AP4: 1 | AQ4: 3 | AS4: 3 | AT4: 4 | AW4: 3 | AX4: 1 | BA4: 5 | BD4: 1 | BE4: 2 | BM4: =SUM(AI4:BL4) -> 34 | CB4: 2 | CC4: 9 | CD4: 17 | CI4: 4 | CJ4: 4 | CK4: 4 | CN4: 12 | CO4: 8 | CQ4: 4 | CR4: 9 | CS4: =SUM(BN4:CR4) -> 73 | CW4: 12 | CY4: 1 | DF4: 6 | DK4: 1 | DY4: =SUM(CT4:DX4) -> 20 | EG4: 1 | EM4: 2 | EO4: 2 | EP4: 1 | EQ4: 2 | ET4: 3 | EU4: 5 | EW4: 4 | EX4: 7 | FA4: 10 | FC4: 5 | FD4: =SUM(DZ4:FC4) -> 42 | FE4: 2 | FF4: 2 | GJ4: =SUM(FE4:GI4) -> 4 | HO4: =SUM(GK4:HN4) -> 0 | IT4: 128 | IU4: =SUM(HP4:IT4) -> 128 | IV4: =SUM(AH4,BM4,CS4,DY4,FD4,GJ4,HO4,IU4) -> 362
A5: Внесение нарядов в программные комплексы | B5: шт. | C5: 93 | AH5: =SUM(C5:AG5) -> 93 | AI5: 5 | AJ5: 5 | AM5: 1 | AP5: 1 | AQ5: 3 | AS5: 3 | AT5: 4 | AW5: 3 | AX5: 1 | BA5: 5 | BD5: 1 | BE5: 4 | BM5: =SUM(AI5:BL5) -> 36 | CB5: 2 | CC5: 9 | CD5: 17 | CI5: 4 | CJ5: 4 | CK5: 5 | CN5: 12 | CO5: 8 | CQ5: 4 | CR5: 9 | CS5: =SUM(BN5:CR5) -> 74 | CW5: 12 | CX5: 8 | CY5: 10 | CZ5: 6 | DC5: 6 | DF5: 6 | DK5: 1 | DT5: 1 | DU5: 5 | DY5: =SUM(CT5:DX5) -> 55 | EC5: 1 | EG5: 1 | EO5: 2 | EP5: 1 | EQ5: 2 | ET5: 3 | EU5: 5 | EW5: 4 | EX5: 7 | FA5: 10 | FC5: 5 | FD5: =SUM(DZ5:FC5) -> 41 | FE5: 2 | FF5: 2 | GJ5: =SUM(FE5:GI5) -> 4 | HO5: =SUM(GK5:HN5) -> 0 | IT5: 129 | IU5: =SUM(HP5:IT5) -> 129 | IV5: =SUM(AH5,BM5,CS5,DY5,FD5,GJ5,HO5,IU5) -> 432
A6: Исправление замечаний в 7эг | B6: шт. | C6: 3 | AH6: =SUM(C6:AG6) -> 3 | AT6: 1 | AW6: 1 | AY6: 12 | BM6: =SUM(AI6:BL6) -> 14 | CB6: 2 | CQ6: 2 | CS6: =SUM(BN6:CR6) -> 4 | CX6: 8 | CY6: 10 | CZ6: 6 | DS6: 3 | DY6: =SUM(CT6:DX6) -> 27 | EA6: 1 | FD6: =SUM(DZ6:FC6) -> 1 | GJ6: =SUM(FE6:GI6) -> 0 | HO6: =SUM(GK6:HN6) -> 0 | IT6: 30 | IU6: =SUM(HP6:IT6) -> 30 | IV6: =SUM(AH6,BM6,CS6,DY6,FD6,GJ6,HO6,IU6) -> 79
A7: Исправление замечаний в МПК Панорама | B7: шт. | AH7: =SUM(C7:AG7) -> 0 | BM7: =SUM(AI7:BL7) -> 0 | CH7: 7 | CS7: =SUM(BN7:CR7) -> 7 | DT7: 8 | DY7: =SUM(CT7:DX7) -> 8 | DZ7: 1 | EW7: 12 | FA7: 4 | FD7: =SUM(DZ7:FC7) -> 17 | GJ7: =SUM(FE7:GI7) -> 0 | HO7: =SUM(GK7:HN7) -> 0 | IT7: 31 | IU7: =SUM(HP7:IT7) -> 31 | IV7: =SUM(AH7,BM7,CS7,DY7,FD7,GJ7,HO7,IU7) -> 63
A8: Инвентаризация паспортов | B8: Арх. № (пунктов) | C8: 3 | AH8: =SUM(C8:AG8) -> 3 | BM8: =SUM(AI8:BL8) -> 0 | CO8: 2 | CP8: 1 | CR8: 1 | CS8: =SUM(BN8:CR8) -> 4 | DE8: 1 | DG8: 1 | DK8: 1 | DL8: 2 | DY8: =SUM(CT8:DX8) -> 5 | EM8: 1 | EP8: 1 | EV8: 5 | FA8: 1 | FD8: =SUM(DZ8:FC8) -> 8 | GJ8: =SUM(FE8:GI8) -> 0 | HO8: =SUM(GK8:HN8) -> 0 | IT8: 5 | IU8: =SUM(HP8:IT8) -> 5 | IV8: =SUM(AH8,BM8,CS8,DY8,FD8,GJ8,HO8,IU8) -> 25
A9: Сканирование документации (листов) | B9: шт. | C9: 184 | AH9: =SUM(C9:AG9) -> 184 | AI9: 10 | AK9: 8 | AM9: 15 | AP9: 4 | AS9: 23 | AT9: 20 | BE9: 6 | BM9: =SUM(AI9:BL9) -> 86 | CA9: 8 | CB9: 4 | CG9: 20 | CH9: 20 | CO9: 10 | CP9: 18 | CS9: =SUM(BN9:CR9) -> 80 | DD9: 8 | DE9: 3 | DG9: 3 | DK9: 3 | DL9: 5 | DM9: 6 | DY9: =SUM(CT9:DX9) -> 28 | EB9: 10 | EM9: 19 | EP9: 5 | EQ9: 5 | ET9: 11 | EU9: 5 | FB9: 24 | FC9: 6 | FD9: =SUM(DZ9:FC9) -> 85 | FE9: 6 | GJ9: =SUM(FE9:GI9) -> 6 | HO9: =SUM(GK9:HN9) -> 0 | IT9: 433 | IU9: =SUM(HP9:IT9) -> 433 | IV9: =SUM(AH9,BM9,CS9,DY9,FD9,GJ9,HO9,IU9) -> 902
A10: Прикрепление файлов итд в 7 ЭГ | B10: шт. | AH10: =SUM(C10:AG10) -> 0 | AI10: 10 | AK10: 8 | AM10: 15 | AP10: 4 | AS10: 23 | AT10: 20 | AW10: 10 | AX10: 10 | BD10: 6 | BE10: 12 | BF10: 8 | BM10: =SUM(AI10:BL10) -> 126 | BZ10: 20 | CA10: 8 | CB10: 8 | CG10: 20 | CH10: 20 | CO10: 10 | CP10: 18 | CS10: =SUM(BN10:CR10) -> 104 | DD10: 8 | DF10: 3 | DG10: 3 | DK10: 3 | DL10: 10 | DM10: 6 | DY10: =SUM(CT10:DX10) -> 33 | EB10: 10 | EF10: 8 | EH10: 12 | EI10: 8 | EM10: 10 | EP10: 5 | EQ10: 5 | ET10: 11 | EU10: 5 | FB10: 24 | FC10: 3 | FD10: =SUM(DZ10:FC10) -> 101 | FE10: 6 | GJ10: =SUM(FE10:GI10) -> 6 | HO10: =SUM(GK10:HN10) -> 0 | IT10: 409 | IU10: =SUM(HP10:IT10) -> 409 | IV10: =SUM(AH10,BM10,CS10,DY10,FD10,GJ10,HO10,IU10) -> 779
A11: Связь графика КПО с картой КПО | B11: шт. | AH11: =SUM(C11:AG11) -> 0 | BM11: =SUM(AI11:BL11) -> 0 | CS11: =SUM(BN11:CR11) -> 0 | DY11: =SUM(CT11:DX11) -> 0 | FD11: =SUM(DZ11:FC11) -> 0 | GJ11: =SUM(FE11:GI11) -> 0 | HO11: =SUM(GK11:HN11) -> 0 | IT11: 220 | IU11: =SUM(HP11:IT11) -> 220 | IV11: =SUM(AH11,BM11,CS11,DY11,FD11,GJ11,HO11,IU11) -> 220
A12: Отрисовка фитингов в МПК Панорама | B12: шт. | AH12: =SUM(C12:AG12) -> 0 | AW12: 2 | BM12: =SUM(AI12:BL12) -> 2 | CS12: =SUM(BN12:CR12) -> 0 | DY12: =SUM(CT12:DX12) -> 0 | FD12: =SUM(DZ12:FC12) -> 0 | GJ12: =SUM(FE12:GI12) -> 0 | HO12: =SUM(GK12:HN12) -> 0 | IT12: 6 | IU12: =SUM(HP12:IT12) -> 6 | IV12: =SUM(AH12,BM12,CS12,DY12,FD12,GJ12,HO12,IU12) -> 8
A13: Нанесение подвалов в МПК "Панорама" | B13: шт. | C13: 115 | AH13: =SUM(C13:AG13) -> 115 | AW13: 12 | BM13: =SUM(AI13:BL13) -> 12 | CS13: =SUM(BN13:CR13) -> 0 | DN13: 34 | DS13: 26 | DT13: 26 | DU13: 21 | DX13: 11 | DY13: =SUM(CT13:DX13) -> 118 | DZ13: 19 | FD13: =SUM(DZ13:FC13) -> 19 | GJ13: =SUM(FE13:GI13) -> 0 | HO13: =SUM(GK13:HN13) -> 0 | IT13: 156 | IU13: =SUM(HP13:IT13) -> 156 | IV13: =SUM(AH13,BM13,CS13,DY13,FD13,GJ13,HO13,IU13) -> 420
A14: Исправление ошибок по целостности газопроводов | B14: шт. | AH14: =SUM(C14:AG14) -> 0 | BM14: =SUM(AI14:BL14) -> 0 | CS14: =SUM(BN14:CR14) -> 0 | DY14: =SUM(CT14:DX14) -> 0 | FD14: =SUM(DZ14:FC14) -> 0 | GJ14: =SUM(FE14:GI14) -> 0 | HO14: =SUM(GK14:HN14) -> 0 | IT14: 108 | IU14: =SUM(HP14:IT14) -> 108 | IV14: =SUM(AH14,BM14,CS14,DY14,FD14,GJ14,HO14,IU14) -> 108
A15: Заполнение карточки на кран на газопроводе-вводе | B15: шт. | C15: 135 | AH15: =SUM(C15:AG15) -> 135 | AJ15: 5 | AM15: 3 | AS15: 4 | AT15: 8 | AW15: 5 | AX15: 4 | BA15: 22 | BD15: 22 | BF15: 37 | BM15: =SUM(AI15:BL15) -> 110 | CP15: 4 | CS15: =SUM(BN15:CR15) -> 4 | CW15: 30 | CX15: 20 | CY15: 10 | CZ15: 12 | DC15: 13 | DD15: 38 | DE15: 11 | DF15: 7 | DG15: 13 | DK15: 13 | DL15: 5 | DM15: 13 | DN15: 30 | DS15: 10 | DT15: 26 | DU15: 19 | DX15: 41 | DY15: =SUM(CT15:DX15) -> 311 | DZ15: 26 | EA15: 19 | EC15: 13 | EH15: 8 | EI15: 37 | EM15: 31 | EN15: 25 | EO15: 24 | EP15: 15 | EQ15: 18 | EU15: 22 | EW15: 2 | FB15: 5 | FC15: 11 | FD15: =SUM(DZ15:FC15) -> 256 | FE15: 10 | FF15: 47 | GJ15: =SUM(FE15:GI15) -> 57 | HO15: =SUM(GK15:HN15) -> 0 | IT15: 750 | IU15: =SUM(HP15:IT15) -> 750 | IV15: =SUM(AH15,BM15,CS15,DY15,FD15,GJ15,HO15,IU15) -> 1623
A16: Демонтаж газопроводов | B16: Арх. № (пунктов) | AH16: =SUM(C16:AG16) -> 0 | AK16: 1 | BM16: =SUM(AI16:BL16) -> 1 | CO16: 3 | CS16: =SUM(BN16:CR16) -> 3 | DY16: =SUM(CT16:DX16) -> 0 | FD16: =SUM(DZ16:FC16) -> 0 | GJ16: =SUM(FE16:GI16) -> 0 | HO16: =SUM(GK16:HN16) -> 0 | IU16: =SUM(HP16:IT16) -> 0 | IV16: =SUM(AH16,BM16,CS16,DY16,FD16,GJ16,HO16,IU16) -> 4
A17: Инвентаризация запорных устройств | B17: шт. | C17: 12 | AH17: =SUM(C17:AG17) -> 12 | BM17: =SUM(AI17:BL17) -> 0 | IV17: =SUM(AH17,BM17,CS17,DY17,FD17,GJ17,HO17,IU17) -> 12
A18: Иные работы | B18: шт. | C18: 163 | AH18: =SUM(C18:AG18) -> 163 | AI18: 26 | AJ18: 26 | AK18: 20 | AL18: 40 | AM18: 10 | AN18: 50 | AP18: 20 | AQ18: 30 | AU18: 7 | AW18: 10 | AX18: 7 | AY18: 35 | AZ18: 45 | BA18: 20 | BD18: 10 | BE18: 15 | BM18: =SUM(AI18:BL18) -> 371 | CI18: 175 | CJ18: 35 | CQ18: 84 | CR18: 70 | CS18: =SUM(BN18:CR18) -> 364 | CV18: 230 | DY18: =SUM(CT18:DX18) -> 230 | EB18: 4 | FD18: =SUM(DZ18:FC18) -> 4 | GJ18: =SUM(FE18:GI18) -> 0 | HO18: =SUM(GK18:HN18) -> 0 | IU18: =SUM(HP18:IT18) -> 0 | IV18: =SUM(AH18,BM18,CS18,DY18,FD18,GJ18,HO18,IU18) -> 1132
AH19: =SUM(C19:AG19) -> 0 | BM19: =SUM(AI19:BL19) -> 0
AH20: =SUM(C20:AG20) -> 0 | BM20: =SUM(AI20:BL20) -> 0
AH21: =SUM(C21:AG21) -> 0 | BM21: =SUM(AI21:BL21) -> 0
AH22: =SUM(C22:AG22) -> 0 | BM22: =SUM(AI22:BL22) -> 0
AH23: =SUM(C23:AG23) -> 0 | BM23: =SUM(AI23:BL23) -> 0
B86: Оформление эксплуатационного паспорта в ПК УРГ
B87: Инвентаризация объектов ПК УРГ
B88: Прикрепление файлов в ПК УРГ
B89: Сканирование документации в ПК УРГ

Sheet Градусова
A1: Выполняемые работы | B1: Кол-во выполненной работы | C1: 46143 | D1: 46144 | E1: 46145 | F1: 46146 | G1: 46147 | H1: 46148 | I1: 46149 | J1: 46150 | K1: 46151 | L1: 46152 | M1: 46153 | N1: 46154 | O1: 46155 | P1: 46156 | Q1: 46157 | R1: 46158 | S1: 46159 | T1: 46160 | U1: 46161 | V1: 46162 | W1: 46163 | X1: 46164 | Y1: 46165 | Z1: 46166 | AA1: 46167 | AB1: 46168 | AC1: 46169 | AD1: 46170 | AE1: 46171 | AF1: 46172 | AG1: 46173 | AH1: Май | AI1: 46174 | AJ1: 46175 | AK1: 46176 | AL1: 46177 | AM1: 46178 | AN1: 46179 | AO1: 46180 | AP1: 46181 | AQ1: 46182 | AR1: 46183 | AS1: 46184 | AT1: 46185 | AU1: 46186 | AV1: 46187 | AW1: 46188 | AX1: 46189 | AY1: 46190 | AZ1: 46191 | BA1: 46192 | BB1: 46193 | BC1: 46194 | BD1: 46195 | BE1: 46196 | BF1: 46197 | BG1: 46198 | BH1: 46199 | BI1: 46200 | BJ1: 46201 | BK1: 46202 | BL1: 46203 | BM1: Июнь | BN1: 46204 | BO1: 46205 | BP1: 46206 | BQ1: 46207 | BR1: 46208 | BS1: 46209 | BT1: 46210 | BU1: 46211 | BV1: 46212 | BW1: 46213 | BX1: 46214 | BY1: 46215 | BZ1: 46216 | CA1: 46217 | CB1: 46218 | CC1: 46219 | CD1: 46220 | CE1: 46221 | CF1: 46222 | CG1: 46223 | CH1: 46224 | CI1: 46225 | CJ1: 46226 | CK1: 46227 | CL1: 46228 | CM1: 46229 | CN1: 46230 | CO1: 46231 | CP1: 46232 | CQ1: 46233 | CR1: 46234 | CS1: Июль | CT1: 46235 | CU1: 46236 | CV1: 46237 | CW1: 46238 | CX1: 46239 | CY1: 46240 | CZ1: 46241 | DA1: 46242 | DB1: 46243 | DC1: 46244 | DD1: 46245 | DE1: 46246 | DF1: 46247 | DG1: 46248 | DH1: 46249 | DI1: 46250 | DJ1: 46251 | DK1: 46252 | DL1: 46253 | DM1: 46254 | DN1: 46255 | DO1: 46256 | DP1: 46257 | DQ1: 46258 | DR1: 46259 | DS1: 46260 | DT1: 46261 | DU1: 46262 | DV1: 46263 | DW1: 46264 | DX1: 46265 | DY1: Август | DZ1: 46266 | EA1: 46267 | EB1: 46268 | EC1: 46269 | ED1: 46270 | EE1: 46271 | EF1: 46272 | EG1: 46273 | EH1: 46274 | EI1: 46275 | EJ1: 46276 | EK1: 46277 | EL1: 46278 | EM1: 46279 | EN1: 46280 | EO1: 46281 | EP1: 46282 | EQ1: 46283 | ER1: 46284 | ES1: 46285 | ET1: 46286 | EU1: 46287 | EV1: 46288 | EW1: 46289 | EX1: 46290 | EY1: 46291 | EZ1: 46292 | FA1: 46293 | FB1: 46294 | FC1: 46295 | FD1: Сентябрь | FE1: 46296 | FF1: 46297 | FG1: 46298 | FH1: 46299 | FI1: 46300 | FJ1: 46301 | FK1: 46302 | FL1: 46303 | FM1: 46304 | FN1: 46305 | FO1: 46306 | FP1: 46307 | FQ1: 46308 | FR1: 46309 | FS1: 46310 | FT1: 46311 | FU1: 46312 | FV1: 46313 | FW1: 46314 | FX1: 46315 | FY1: 46316 | FZ1: 46317 | GA1: 46318 | GB1: 46319 | GC1: 46320 | GD1: 46321 | GE1: 46322 | GF1: 46323 | GG1: 46324 | GH1: 46325 | GI1: 46326 | GJ1: Октябрь | GK1: 46327 | GL1: 46328 | GM1: 46329 | GN1: 46330 | GO1: 46331 | GP1: 46332 | GQ1: 46333 | GR1: 46334 | GS1: 46335 | GT1: 46336 | GU1: 46337 | GV1: 46338 | GW1: 46339 | GX1: 46340 | GY1: 46341 | GZ1: 46342 | HA1: 46343 | HB1: 46344 | HC1: 46345 | HD1: 46346 | HE1: 46347 | HF1: 46348 | HG1: 46349 | HH1: 46350 | HI1: 46351 | HJ1: 46352 | HK1: 46353 | HL1: 46354 | HM1: 46355 | HN1: 46356 | HO1: Ноябрь | HP1: 46357 | HQ1: 46358 | HR1: 46359 | HS1: 46360 | HT1: 46361 | HU1: 46362 | HV1: 46363 | HW1: 46364 | HX1: 46365 | HY1: 46366 | HZ1: 46367 | IA1: 46368 | IB1: 46369 | IC1: 46370 | ID1: 46371 | IE1: 46372 | IF1: 46373 | IG1: 46374 | IH1: 46375 | II1: 46376 | IJ1: 46377 | IK1: 46378 | IL1: 46379 | IM1: 46380 | IN1: 46381 | IO1: 46382 | IP1: 46383 | IQ1: 46384 | IR1: 46385 | IS1: 46386 | IT1: 46387 | IU1: Декабрь | IV1: Всё
A2: Создание нового объекта в АРМ "Наружные сети", МПК "Панорама", внесение графического изображения газопровода и смежных коммуникация, настройка связей, внесение электронного варианта ИТД | B2: м. | C2: 317 | AH2: =SUM(C2:AG2) -> 317 | AI2: 46.42 | AK2: 16.57 | AM2: 43.95 | AP2: 38.63 | AR2: 299.5 | AT2: 88.62 | AW2: 42.91 | AX2: 65.36 | BD2: 48.41 | BE2: 26.98 | BF2: 132.21 | BG2: 74.8 | BH2: 156.36 | BK2: 46.32 | BL2: 0.35 | BM2: =SUM(AI2:BL2) -> 1127.39 | BN2: 58.01 | BO2: 63.73 | BT2: 1.5 | BU2: 29.56 | CA2: 117.66 | CB2: 59.92 | CG2: 93.48 | CH2: 5.46 | CK2: 81.54 | CS2: =SUM(BN2:CR2) -> 510.86 | DK2: 59.12 | DL2: диспансеризация | DM2: 28.13 | DQ2: 93.04 | DR2: 89.66 | DS2: 11.65 | DY2: =SUM(CT2:DX2) -> 281.6 | EB2: 69.92 | EC2: 8.52 | EG2: 145.42 | EH2: 422.12 | EI2: 91.51 | EN2: 37.23 | EQ2: 94.66 | EU2: 74.2 | FD2: =SUM(DZ2:FC2) -> 943.58 | FE2: 32.94 | GJ2: =SUM(FE2:GI2) -> 32.94 | HO2: =SUM(GK2:HN2) -> 0 | IT2: 1500 | IU2: =SUM(HP2:IT2) -> 1500 | IV2: =SUM(AH2,BM2,CS2,DY2,FD2,GJ2,HO2,IU2) -> 4713.37
A3: Внесение в 7эг, МПК "Панорама" актов на ликвидацию | B3: шт. | C3: 29 | AH3: =SUM(C3:AG3) -> 29 | AK3: 1 | AM3: 1 | AT3: 1 | AW3: 2 | BM3: =SUM(AI3:BL3) -> 5 | BN3: 1 | BT3: 1 | BV3: 4 | CC3: 3 | CJ3: 3 | CS3: =SUM(BN3:CR3) -> 12 | DJ3: 3 | DK3: 1 | DM3: 8 | DN3: 1 | DQ3: 2 | DR3: 1 | DS3: 1 | DT3: 3 | DY3: =SUM(CT3:DX3) -> 20 | EA3: 1 | EB3: 1 | EF3: 1 | EH3: 1 | EP3: 1 | ET3: 1 | EU3: 1 | FC3: 1 | FD3: =SUM(DZ3:FC3) -> 8 | GJ3: =SUM(FE3:GI3) -> 0 | IT3: 51 | IU3: =SUM(HP3:IT3) -> 51 | IV3: =SUM(AH3,BM3,CS3,DY3,FD3,GJ3,HO3,IU3) -> 125
A4: Сканирование нарядов, размещение в электронный архив | B4: шт. | C4: 97 | AH4: =SUM(C4:AG4) -> 97 | AL4: 2 | AM4: 2 | AS4: 5 | AT4: 2 | AX4: 5 | BA4: 5 | BG4: 7 | BK4: 3 | BM4: =SUM(AI4:BL4) -> 31 | BN4: 19 | BS4: 3 | BT4: 17 | BV4: 4 | BW4: 4 | CA4: 5 | CC4: 6 | CG4: 4 | CH4: 2 | CJ4: 5 | CS4: =SUM(BN4:CR4) -> 69 | DJ4: 4 | DQ4: 10 | DR4: 1 | DU4: 14 | DY4: =SUM(CT4:DX4) -> 29 | EA4: 1 | EC4: 1 | EH4: 3 | EM4: 1 | EO4: 2 | EQ4: 1 | ET4: 2 | EU4: 5 | FB4: 3 | FC4: 5 | FD4: =SUM(DZ4:FC4) -> 24 | FF4: 3 | GJ4: =SUM(FE4:GI4) -> 3 | IT4: 128 | IU4: =SUM(HP4:IT4) -> 128 | IV4: =SUM(AH4,BM4,CS4,DY4,FD4,GJ4,HO4,IU4) -> 381
A5: Внесение нарядов в программные комплексы | B5: шт. | C5: 92 | AH5: =SUM(C5:AG5) -> 92 | AS5: 6 | AT5: 2 | AX5: 5 | BA5: 5 | BG5: 8 | BK5: 4 | BM5: =SUM(AI5:BL5) -> 30 | BN5: 14 | BS5: 2 | BT5: 17 | BV5: 6 | BW5: 3 | BZ5: 1 | CA5: 7 | CC5: 11 | CG5: 2 | CH5: 4 | CJ5: 4 | CS5: =SUM(BN5:CR5) -> 71 | DJ5: 3 | DQ5: 11 | DR5: 1 | DU5: 6 | DY5: =SUM(CT5:DX5) -> 21 | EA5: 1 | EC5: 1 | EH5: 5 | EM5: 2 | EO5: 1 | EQ5: 2 | ET5: 4 | EU5: 7 | FB5: 3 | FC5: 5 | FD5: =SUM(DZ5:FC5) -> 31 | FF5: 4 | GJ5: =SUM(FE5:GI5) -> 4 | IT5: 129 | IU5: =SUM(HP5:IT5) -> 129 | IV5: =SUM(AH5,BM5,CS5,DY5,FD5,GJ5,HO5,IU5) -> 378
A6: Исправление замечаний в 7эг | B6: шт. | C6: 16 | AH6: =SUM(C6:AG6) -> 16 | AL6: 2 | BD6: 1 | BM6: =SUM(AI6:BL6) -> 3 | BT6: 1 | BU6: 3 | BZ6: 2 | CC6: 3 | CD6: 3 | CJ6: 3 | CK6: 4 | CS6: =SUM(BN6:CR6) -> 19 | DJ6: 1 | DN6: 1 | DU6: 1 | DX6: 2 | DY6: =SUM(CT6:DX6) -> 5 | DZ6: 1 | EA6: 1 | EJ6: 2 | EM6: 3 | EO6: 4 | FD6: =SUM(DZ6:FC6) -> 11 | GJ6: =SUM(FE6:GI6) -> 0 | IT6: 30 | IU6: =SUM(HP6:IT6) -> 30 | IV6: =SUM(AH6,BM6,CS6,DY6,FD6,GJ6,HO6,IU6) -> 84
A7: Исправление замечаний в МПК Панорама | B7: шт. | C7: 11 | AH7: =SUM(C7:AG7) -> 11 | AJ7: 1 | AL7: 3 | AM7: 1 | AP7: 2 | AS7: 1 | BD7: 1 | BH7: 2 | BM7: =SUM(AI7:BL7) -> 11 | BS7: 1 | BT7: 2 | BU7: 2 | BV7: 1 | BZ7: 1 | CB7: 1 | CC7: 11 | CD7: 4 | CG7: 1 | CH7: 1 | CJ7: 3 | CS7: =SUM(BN7:CR7) -> 28 | DX7: 1 | DY7: =SUM(CT7:DX7) -> 1 | DZ7: 1 | EA7: 1 | EI7: 1 | EJ7: 2 | EM7: 4 | EN7: 4 | EO7: 2 | FD7: =SUM(DZ7:FC7) -> 15 | GJ7: =SUM(FE7:GI7) -> 0 | IT7: 31 | IU7: =SUM(HP7:IT7) -> 31 | IV7: =SUM(AH7,BM7,CS7,DY7,FD7,GJ7,HO7,IU7) -> 97
A8: Инвентаризация паспортов | B8: Арх. № (пунктов) | AH8: =SUM(C8:AG8) -> 0 | BM8: =SUM(AI8:BL8) -> 0 | CS8: =SUM(BN8:CR8) -> 0 | DM8: 4 | DU8: 1 | DY8: =SUM(CT8:DX8) -> 5 | ET8: 1 | FD8: =SUM(DZ8:FC8) -> 1 | GJ8: =SUM(FE8:GI8) -> 0 | IT8: 5 | IU8: =SUM(HP8:IT8) -> 5 | IV8: =SUM(AH8,BM8,CS8,DY8,FD8,GJ8,HO8,IU8) -> 11
A9: Сканирование документации (листов) | B9: шт. | C9: 443 | AH9: =SUM(C9:AG9) -> 443 | AI9: 6 | AJ9: 8 | AK9: 18 | AL9: 7 | AM9: 12 | AP9: 11 | AQ9: 15 | AS9: 14 | AT9: 21 | AW9: 7 | AX9: 16 | AZ9: 7 | BA9: 27 | BD9: 26 | BE9: 16 | BF9: 24 | BG9: 22 | BH9: 24 | BK9: 12 | BL9: 4 | BM9: =SUM(AI9:BL9) -> 297 | BN9: 23 | BO9: 15 | BT9: 4 | BU9: 14 | BV9: 17 | BW9: 2 | BZ9: 2 | CA9: 12 | CB9: 28 | CD9: 60 | CG9: 22 | CH9: 6 | CI9: 5 | CJ9: 19 | CK9: 9 | CS9: =SUM(BN9:CR9) -> 238 | DJ9: 2 | DK9: 15 | DM9: 46 | DN9: 60 | DQ9: 23 | DR9: 34 | DS9: 45 | DT9: 52 | DU9: 22 | DX9: 32 | DY9: =SUM(CT9:DX9) -> 331 | DZ9: 60 | EA9: 33 | EB9: 23 | EC9: 6 | EF9: 1 | EG9: 22 | EH9: 6 | EI9: 20 | EJ9: 31 | EM9: 22 | EN9: 55 | EO9: 39 | EP9: 16 | ET9: 4 | EU9: 20 | FB9: 5 | FC9: 100 | FD9: =SUM(DZ9:FC9) -> 463 | FE9: 95 | FF9: 37 | GJ9: =SUM(FE9:GI9) -> 132 | IT9: 433 | IU9: =SUM(HP9:IT9) -> 433 | IV9: =SUM(AH9,BM9,CS9,DY9,FD9,GJ9,HO9,IU9) -> 2337
A10: Прикрепление файлов итд в 7 ЭГ | B10: шт. | C10: 218 | AH10: =SUM(C10:AG10) -> 218 | AI10: 3 | AJ10: 4 | AK10: 8 | AL10: 5 | AM10: 6 | AP10: 5 | AQ10: 7 | AS10: 6 | AT10: 10 | AW10: 4 | AX10: 7 | BA10: 3 | BD10: 8 | BE10: 6 | BF10: 12 | BG10: 12 | BH10: 12 | BK10: 6 | BL10: 1 | BM10: =SUM(AI10:BL10) -> 125 | BN10: 11 | BO10: 6 | BT10: 1 | BU10: 9 | BV10: 11 | BW10: 2 | BZ10: 2 | CA10: 6 | CB10: 14 | CD10: 8 | CG10: 10 | CH10: 3 | CI10: 5 | CJ10: 19 | CK10: 3 | CS10: =SUM(BN10:CR10) -> 110 | DJ10: 1 | DK10: 6 | DM10: 13 | DN10: 20 | DQ10: 10 | DR10: 15 | DS10: 20 | DT10: 31 | DU10: 7 | DX10: 14 | DY10: =SUM(CT10:DX10) -> 137 | DZ10: 26 | EA10: 16 | EB10: 11 | EC10: 3 | EF10: 1 | EG10: 10 | EH10: 11 | EI10: 10 | EJ10: 19 | EM10: 33 | EN10: 33 | EO10: 21 | EP10: 9 | ET10: 1 | EU10: 8 | FB10: 3 | FC10: 48 | FD10: =SUM(DZ10:FC10) -> 263 | FE10: 46 | FF10: 16 | GJ10: =SUM(FE10:GI10) -> 62 | IT10: 409 | IU10: =SUM(HP10:IT10) -> 409 | IV10: =SUM(AH10,BM10,CS10,DY10,FD10,GJ10,HO10,IU10) -> 1324
A11: Связь графика КПО с картой КПО | B11: шт. | AH11: =SUM(C11:AG11) -> 0 | BM11: =SUM(AI11:BL11) -> 0 | CS11: =SUM(BN11:CR11) -> 0 | DY11: =SUM(CT11:DX11) -> 0 | FD11: =SUM(DZ11:FC11) -> 0 | GJ11: =SUM(FE11:GI11) -> 0 | IT11: 220 | IU11: =SUM(HP11:IT11) -> 220 | IV11: =SUM(AH11,BM11,CS11,DY11,FD11,GJ11,HO11,IU11) -> 220
A12: Отрисовка фитингов в МПК Панорама | B12: шт. | C12: 3 | AH12: =SUM(C12:AG12) -> 3 | AM12: 1 | BM12: =SUM(AI12:BL12) -> 1 | CS12: =SUM(BN12:CR12) -> 0 | DY12: =SUM(CT12:DX12) -> 0 | EH12: 1 | FC12: 2 | FD12: =SUM(DZ12:FC12) -> 3 | GJ12: =SUM(FE12:GI12) -> 0 | IT12: 6 | IU12: =SUM(HP12:IT12) -> 6 | IV12: =SUM(AH12,BM12,CS12,DY12,FD12,GJ12,HO12,IU12) -> 13
A13: Нанесение подвалов в МПК "Панорама" | B13: шт. | C13: 19 | AH13: =SUM(C13:AG13) -> 19 | AQ13: 3 | BM13: =SUM(AI13:BL13) -> 3 | CS13: =SUM(BN13:CR13) -> 0 | DY13: =SUM(CT13:DX13) -> 0 | FD13: =SUM(DZ13:FC13) -> 0 | GJ13: =SUM(FE13:GI13) -> 0 | IT13: 156 | IU13: =SUM(HP13:IT13) -> 156 | IV13: =SUM(AH13,BM13,CS13,DY13,FD13,GJ13,HO13,IU13) -> 178
A14: Исправление ошибок по целостности газопроводов | B14: шт. | C14: 196 | AH14: =SUM(C14:AG14) -> 196 | BM14: =SUM(AI14:BL14) -> 0 | CS14: =SUM(BN14:CR14) -> 0 | DY14: =SUM(CT14:DX14) -> 0 | FD14: =SUM(DZ14:FC14) -> 0 | GJ14: =SUM(FE14:GI14) -> 0 | IT14: 108 | IU14: =SUM(HP14:IT14) -> 108 | IV14: =SUM(AH14,BM14,CS14,DY14,FD14,GJ14,HO14,IU14) -> 304
A15: Заполнение карточки на кран на газопроводе-вводе | B15: шт. | AH15: =SUM(C15:AG15) -> 0 | AJ15: 4 | AK15: 1 | AL15: 33 | AM15: 2 | AP15: 2 | AQ15: 24 | AR15: 12 | AT15: 4 | AW15: 29 | AX15: 3 | BA15: 9 | BD15: 2 | BE15: 3 | BF15: 4 | BG15: 4 | BH15: 4 | BK15: 2 | BL15: 1 | BM15: =SUM(AI15:BL15) -> 143 | BN15: 5 | BO15: 3 | BT15: 3 | BW15: 1 | BZ15: 4 | CA15: 3 | CB15: 3 | CG15: 4 | CH15: 1 | CK15: 1 | CS15: =SUM(BN15:CR15) -> 28 | DJ15: 14 | DK15: 17 | DM15: 29 | DN15: 33 | DQ15: 9 | DR15: 4 | DS15: 23 | DT15: 39 | DU15: 52 | DX15: 53 | DY15: =SUM(CT15:DX15) -> 273 | DZ15: 29 | EA15: 17 | EB15: 4 | EC15: 27 | EF15: 54 | EG15: 4 | EH15: 2 | EI15: 5 | EJ15: 20 | EM15: 38 | EN15: 23 | EO15: 31 | EP15: 101 | EQ15: 27 | ET15: 63 | EU15: 13 | FB15: 92 | FC15: 22 | FD15: =SUM(DZ15:FC15) -> 572 | FE15: 21 | FF15: 68 | GJ15: =SUM(FE15:GI15) -> 89 | IT15: 750 | IU15: =SUM(HP15:IT15) -> 750 | IV15: =SUM(AH15,BM15,CS15,DY15,FD15,GJ15,HO15,IU15) -> 1855
A16: Демонтаж газопроводов | B16: Арх. № (пунктов) | AH16: =SUM(C16:AG16) -> 0 | BM16: =SUM(AI16:BL16) -> 0 | BN16: 1 | CS16: =SUM(BN16:CR16) -> 1 | DY16: =SUM(CT16:DX16) -> 0 | FD16: =SUM(DZ16:FC16) -> 0 | GJ16: =SUM(FE16:GI16) -> 0 | IU16: =SUM(HP16:IT16) -> 0 | IV16: =SUM(AH16,BM16,CS16,DY16,FD16,GJ16,HO16,IU16) -> 1
A17: Инвентаризация запорных устройств | B17: шт. | C17: 82 | AH17: =SUM(C17:AG17) -> 82 | AM17: 1 | BM17: =SUM(AI17:BL17) -> 1 | IV17: =SUM(AH17,BM17,CS17,DY17,FD17,GJ17,HO17,IU17) -> 83
A18: Иные работы | B18: шт. | C18: 117 | AH18: =SUM(C18:AG18) -> 117 | AI18: 36 | AJ18: 58 | AK18: 85 | AL18: 40 | AM18: 5 | AP18: 53 | AQ18: 32 | AW18: 25 | AX18: 39 | AY18: 60 | AZ18: 63 | BA18: 35 | BD18: 25 | BE18: 48 | BF18: 1 | BK18: 48 | BL18: 83 | BM18: =SUM(AI18:BL18) -> 736 | BO18: 12 | BS18: 77 | BU18: 25 | BV18: 37 | BW18: 66 | BZ18: 31 | CA18: 6 | CB18: 17 | CD18: 14 | CG18: 12 | CH18: 53 | CI18: 120 | CJ18: 100 | CK18: 29 | CS18: =SUM(BN18:CR18) -> 599 | DY18: =SUM(CT18:DX18) -> 0 | EB18: 3 | EI18: 1 | EO18: 1 | FD18: =SUM(DZ18:FC18) -> 5 | GJ18: =SUM(FE18:GI18) -> 0 | IU18: =SUM(HP18:IT18) -> 0 | IV18: =SUM(AH18,BM18,CS18,DY18,FD18,GJ18,HO18,IU18) -> 1457
AH19: =SUM(C19:AG19) -> 0 | BM19: =SUM(AI19:BL19) -> 0
AH20: =SUM(C20:AG20) -> 0 | BM20: =SUM(AI20:BL20) -> 0
AH21: =SUM(C21:AG21) -> 0 | BM21: =SUM(AI21:BL21) -> 0
AH22: =SUM(C22:AG22) -> 0 | BM22: =SUM(AI22:BL22) -> 0
AH23: =SUM(C23:AG23) -> 0 | BM23: =SUM(AI23:BL23) -> 0
B86: Оформление эксплуатационного паспорта в ПК УРГ
B87: Инвентаризация объектов ПК УРГ
B88: Прикрепление файлов в ПК УРГ
B89: Сканирование документации в ПК УРГ

Sheet Ксеневич
A1: Выполняемые работы | B1: Кол-во выполненной работы | C1: 46143 | D1: 46144 | E1: 46145 | F1: 46146 | G1: 46147 | H1: 46148 | I1: 46149 | J1: 46150 | K1: 46151 | L1: 46152 | M1: 46153 | N1: 46154 | O1: 46155 | P1: 46156 | Q1: 46157 | R1: 46158 | S1: 46159 | T1: 46160 | U1: 46161 | V1: 46162 | W1: 46163 | X1: 46164 | Y1: 46165 | Z1: 46166 | AA1: 46167 | AB1: 46168 | AC1: 46169 | AD1: 46170 | AE1: 46171 | AF1: 46172 | AG1: 46173 | AH1: Май | AI1: 46174 | AJ1: 46175 | AK1: 46176 | AL1: 46177 | AM1: 46178 | AN1: 46179 | AO1: 46180 | AP1: 46181 | AQ1: 46182 | AR1: 46183 | AS1: 46184 | AT1: 46185 | AU1: 46186 | AV1: 46187 | AW1: 46188 | AX1: 46189 | AY1: 46190 | AZ1: 46191 | BA1: 46192 | BB1: 46193 | BC1: 46194 | BD1: 46195 | BE1: 46196 | BF1: 46197 | BG1: 46198 | BH1: 46199 | BI1: 46200 | BJ1: 46201 | BK1: 46202 | BL1: 46203 | BM1: Июнь | BN1: 46204 | BO1: 46205 | BP1: 46206 | BQ1: 46207 | BR1: 46208 | BS1: 46209 | BT1: 46210 | BU1: 46211 | BV1: 46212 | BW1: 46213 | BX1: 46214 | BY1: 46215 | BZ1: 46216 | CA1: 46217 | CB1: 46218 | CC1: 46219 | CD1: 46220 | CE1: 46221 | CF1: 46222 | CG1: 46223 | CH1: 46224 | CI1: 46225 | CJ1: 46226 | CK1: 46227 | CL1: 46228 | CM1: 46229 | CN1: 46230 | CO1: 46231 | CP1: 46232 | CQ1: 46233 | CR1: 46234 | CS1: Июль | CT1: 46235 | CU1: 46236 | CV1: 46237 | CW1: 46238 | CX1: 46239 | CY1: 46240 | CZ1: 46241 | DA1: 46242 | DB1: 46243 | DC1: 46244 | DD1: 46245 | DE1: 46246 | DF1: 46247 | DG1: 46248 | DH1: 46249 | DI1: 46250 | DJ1: 46251 | DK1: 46252 | DL1: 46253 | DM1: 46254 | DN1: 46255 | DO1: 46256 | DP1: 46257 | DQ1: 46258 | DR1: 46259 | DS1: 46260 | DT1: 46261 | DU1: 46262 | DV1: 46263 | DW1: 46264 | DX1: 46265 | DY1: Август | DZ1: 46266 | EA1: 46267 | EB1: 46268 | EC1: 46269 | ED1: 46270 | EE1: 46271 | EF1: 46272 | EG1: 46273 | EH1: 46274 | EI1: 46275 | EJ1: 46276 | EK1: 46277 | EL1: 46278 | EM1: 46279 | EN1: 46280 | EO1: 46281 | EP1: 46282 | EQ1: 46283 | ER1: 46284 | ES1: 46285 | ET1: 46286 | EU1: 46287 | EV1: 46288 | EW1: 46289 | EX1: 46290 | EY1: 46291 | EZ1: 46292 | FA1: 46293 | FB1: 46294 | FC1: 46295 | FD1: Сентябрь | FE1: 46296 | FF1: 46297 | FG1: 46298 | FH1: 46299 | FI1: 46300 | FJ1: 46301 | FK1: 46302 | FL1: 46303 | FM1: 46304 | FN1: 46305 | FO1: 46306 | FP1: 46307 | FQ1: 46308 | FR1: 46309 | FS1: 46310 | FT1: 46311 | FU1: 46312 | FV1: 46313 | FW1: 46314 | FX1: 46315 | FY1: 46316 | FZ1: 46317 | GA1: 46318 | GB1: 46319 | GC1: 46320 | GD1: 46321 | GE1: 46322 | GF1: 46323 | GG1: 46324 | GH1: 46325 | GI1: 46326 | GJ1: Октябрь | GK1: 46327 | GL1: 46328 | GM1: 46329 | GN1: 46330 | GO1: 46331 | GP1: 46332 | GQ1: 46333 | GR1: 46334 | GS1: 46335 | GT1: 46336 | GU1: 46337 | GV1: 46338 | GW1: 46339 | GX1: 46340 | GY1: 46341 | GZ1: 46342 | HA1: 46343 | HB1: 46344 | HC1: 46345 | HD1: 46346 | HE1: 46347 | HF1: 46348 | HG1: 46349 | HH1: 46350 | HI1: 46351 | HJ1: 46352 | HK1: 46353 | HL1: 46354 | HM1: 46355 | HN1: 46356 | HO1: Ноябрь | HP1: 46357 | HQ1: 46358 | HR1: 46359 | HS1: 46360 | HT1: 46361 | HU1: 46362 | HV1: 46363 | HW1: 46364 | HX1: 46365 | HY1: 46366 | HZ1: 46367 | IA1: 46368 | IB1: 46369 | IC1: 46370 | ID1: 46371 | IE1: 46372 | IF1: 46373 | IG1: 46374 | IH1: 46375 | II1: 46376 | IJ1: 46377 | IK1: 46378 | IL1: 46379 | IM1: 46380 | IN1: 46381 | IO1: 46382 | IP1: 46383 | IQ1: 46384 | IR1: 46385 | IS1: 46386 | IT1: 46387 | IU1: Декабрь | IV1: Всё
A2: Создание нового объекта в АРМ "Наружные сети", МПК "Панорама", внесение графического изображения газопровода и смежных коммуникация, настройка связей, внесение электронного варианта ИТД | B2: м. | C2: 223.85 | AH2: =SUM(C2:AG2) -> 223.85 | AS2: 86.63 | AX2: 29.29 | BM2: =SUM(AI2:BL2) -> 115.92 | BS2: 25.84 | BU2: 96.14 | BV2: 28.85 | CD2: 63.55 | CG2: 27.94 | CH2: 33.91 | CK2: 48.05 | CN2: 71.61 | CO2: 65.33 | CP2: 63.61 | CS2: =SUM(BN2:CR2) -> 524.83 | CY2: 1.35 | CZ2: 71.85 | DC2: 43.07 | DJ2: 146.21 | DK2: 59.6 | DL2: 34.65 | DR2: 67.4 | DS2: 83.37 | DT2: 1.66 | DU2: 7.73 | DX2: 49.85 | DY2: =SUM(CT2:DX2) -> 566.74 | EB2: 20.02 | EC2: 39.53 | EG2: 8.29 | EH2: 17.73 | EI2: 27.84 | EM2: 18.72 | EN2: 49.61 | EQ2: 202.88 | ET2: 2.95 | EV2: 18.85 | FD2: =SUM(DZ2:FC2) -> 406.42 | GJ2: =SUM(FE2:GI2) -> 0 | HO2: =SUM(GK2:HN2) -> 0 | IT2: 1500 | IU2: =SUM(HP2:IT2) -> 1500 | IV2: =SUM(AH2,BM2,CS2,DY2,FD2,GJ2,HO2,IU2) -> 3337.76
A3: Внесение в 7эг, МПК "Панорама" актов на ликвидацию | B3: шт. | C3: 5 | AH3: =SUM(C3:AG3) -> 5 | BM3: =SUM(AI3:BL3) -> 0 | BZ3: 1 | CB3: 3 | CJ3: 1 | CS3: =SUM(BN3:CR3) -> 5 | DY3: =SUM(CT3:DX3) -> 0 | EW3: 4 | EX3: 1 | FD3: =SUM(DZ3:FC3) -> 5 | GJ3: =SUM(FE3:GI3) -> 0 | HO3: =SUM(GK3:HN3) -> 0 | IT3: 51 | IU3: =SUM(HP3:IT3) -> 51 | IV3: =SUM(AH3,BM3,CS3,DY3,FD3,GJ3,HO3,IU3) -> 66
A4: Сканирование нарядов, размещение в электронный архив | B4: шт. | C4: 55 | AH4: =SUM(C4:AG4) -> 55 | AL4: 1 | AY4: 18 | BA4: 7 | BM4: =SUM(AI4:BL4) -> 26 | BT4: 9 | BV4: 4 | BW4: 5 | CA4: 6 | CH4: 2 | CJ4: 3 | CO4: 1 | CQ4: 4 | CS4: =SUM(BN4:CR4) -> 34 | CV4: 3 | CX4: 2 | CY4: 4 | DD4: 5 | DE4: 10 | DF4: 9 | DG4: 3 | DJ4: 5 | DL4: 6 | DX4: 1 | DY4: =SUM(CT4:DX4) -> 48 | DZ4: 5 | EB4: 7 | EC4: 4 | EF4: 4 | EJ4: 9 | EM4: 7 | EO4: 14 | EP4: 8 | EW4: 11 | EX4: 1 | FD4: =SUM(DZ4:FC4) -> 70 | GJ4: =SUM(FE4:GI4) -> 0 | HO4: =SUM(GK4:HN4) -> 0 | IT4: 128 | IU4: =SUM(HP4:IT4) -> 128 | IV4: =SUM(AH4,BM4,CS4,DY4,FD4,GJ4,HO4,IU4) -> 361
A5: Внесение нарядов в программные комплексы | B5: шт. | C5: 55 | AH5: =SUM(C5:AG5) -> 55 | AL5: 1 | AY5: 18 | BA5: 7 | BM5: =SUM(AI5:BL5) -> 26 | BT5: 9 | BV5: 4 | BZ5: 6 | CB5: 6 | CH5: 2 | CJ5: 3 | CO5: 1 | CS5: =SUM(BN5:CR5) -> 31 | CV5: 3 | CX5: 2 | CY5: 4 | DD5: 5 | DE5: 10 | DF5: 9 | DG5: 3 | DJ5: 5 | DL5: 6 | DX5: 1 | DY5: =SUM(CT5:DX5) -> 48 | EA5: 5 | EB5: 7 | EC5: 1 | EF5: 4 | EJ5: 9 | EM5: 7 | EO5: 14 | EP5: 8 | EX5: 1 | FD5: =SUM(DZ5:FC5) -> 56 | GJ5: =SUM(FE5:GI5) -> 0 | HO5: =SUM(GK5:HN5) -> 0 | IT5: 129 | IU5: =SUM(HP5:IT5) -> 129 | IV5: =SUM(AH5,BM5,CS5,DY5,FD5,GJ5,HO5,IU5) -> 345
A6: Исправление замечаний в 7эг | B6: шт. | AH6: =SUM(C6:AG6) -> 0 | BM6: =SUM(AI6:BL6) -> 0 | CA6: 3 | CK6: 2 | CQ6: 4 | CS6: =SUM(BN6:CR6) -> 9 | DY6: =SUM(CT6:DX6) -> 0 | EP6: 1 | FD6: =SUM(DZ6:FC6) -> 1 | GJ6: =SUM(FE6:GI6) -> 0 | HO6: =SUM(GK6:HN6) -> 0 | IT6: 30 | IU6: =SUM(HP6:IT6) -> 30 | IV6: =SUM(AH6,BM6,CS6,DY6,FD6,GJ6,HO6,IU6) -> 40
A7: Исправление замечаний в МПК Панорама | B7: шт. | AH7: =SUM(C7:AG7) -> 0 | AJ7: 26 | AL7: 40 | BM7: =SUM(AI7:BL7) -> 66 | BW7: 4 | CA7: 3 | CI7: 5 | CJ7: 10 | CK7: 1 | CP7: 1 | CS7: =SUM(BN7:CR7) -> 24 | CZ7: 1 | DC7: 3 | DD7: 4 | DF7: 2 | DS7: 3 | DY7: =SUM(CT7:DX7) -> 13 | EP7: 2 | FD7: =SUM(DZ7:FC7) -> 2 | GJ7: =SUM(FE7:GI7) -> 0 | HO7: =SUM(GK7:HN7) -> 0 | IT7: 31 | IU7: =SUM(HP7:IT7) -> 31 | IV7: =SUM(AH7,BM7,CS7,DY7,FD7,GJ7,HO7,IU7) -> 136
A8: Инвентаризация паспортов | B8: Арх. № (пунктов) | AH8: =SUM(C8:AG8) -> 0 | BM8: =SUM(AI8:BL8) -> 0 | CK8: 1 | CS8: =SUM(BN8:CR8) -> 1 | DY8: =SUM(CT8:DX8) -> 0 | FD8: =SUM(DZ8:FC8) -> 0 | GJ8: =SUM(FE8:GI8) -> 0 | HO8: =SUM(GK8:HN8) -> 0 | IT8: 5 | IU8: =SUM(HP8:IT8) -> 5 | IV8: =SUM(AH8,BM8,CS8,DY8,FD8,GJ8,HO8,IU8) -> 6
A9: Сканирование документации (листов) | B9: шт. | C9: 69 | AH9: =SUM(C9:AG9) -> 69 | AY9: 10 | AZ9: 9 | BA9: 6 | BM9: =SUM(AI9:BL9) -> 25 | BS9: 2 | BU9: 8 | BV9: 9 | CA9: 20 | CC9: 16 | CD9: 20 | CG9: 20 | CJ9: 15 | CK9: 19 | CN9: 10 | CO9: 14 | CP9: 21 | CQ9: 20 | CS9: =SUM(BN9:CR9) -> 194 | CV9: 15 | CX9: 16 | CY9: 25 | DC9: 14 | DD9: 61 | DJ9: 16 | DK9: 15 | DL9: 7 | DQ9: 32 | DR9: 15 | DY9: =SUM(CT9:DX9) -> 216 | DZ9: 10 | EB9: 7 | EC9: 5 | EF9: 10 | EJ9: 62 | EM9: 36 | EO9: 14 | EP9: 8 | ET9: 4 | EV9: 61 | EW9: 32 | EX9: 1 | FD9: =SUM(DZ9:FC9) -> 250 | GJ9: =SUM(FE9:GI9) -> 0 | HO9: =SUM(GK9:HN9) -> 0 | IT9: 433 | IU9: =SUM(HP9:IT9) -> 433 | IV9: =SUM(AH9,BM9,CS9,DY9,FD9,GJ9,HO9,IU9) -> 1187
A10: Прикрепление файлов итд в 7 ЭГ | B10: шт. | C10: 49 | AH10: =SUM(C10:AG10) -> 49 | AY10: 10 | AZ10: 9 | BA10: 6 | BM10: =SUM(AI10:BL10) -> 25 | BS10: 2 | BU10: 4 | BV10: 4 | CA10: 5 | CC10: 3 | CD10: 6 | CG10: 2 | CH10: 3 | CJ10: 15 | CK10: 19 | CN10: 10 | CO10: 14 | CP10: 21 | CQ10: 20 | CS10: =SUM(BN10:CR10) -> 128 | CV10: 3 | CX10: 2 | CY10: 8 | CZ10: 7 | DC10: 8 | DG10: 3 | DJ10: 4 | DK10: 9 | DL10: 10 | DX10: 8 | DY10: =SUM(CT10:DX10) -> 62 | EA10: 3 | EB10: 10 | EC10: 3 | EJ10: 9 | EM10: 11 | EN10: 8 | EO10: 14 | EP10: 8 | ET10: 4 | EV10: 8 | EW10: 13 | FD10: =SUM(DZ10:FC10) -> 91 | GJ10: =SUM(FE10:GI10) -> 0 | HO10: =SUM(GK10:HN10) -> 0 | IT10: 409 | IU10: =SUM(HP10:IT10) -> 409 | IV10: =SUM(AH10,BM10,CS10,DY10,FD10,GJ10,HO10,IU10) -> 764
A11: Связь графика КПО с картой КПО | B11: шт. | AH11: =SUM(C11:AG11) -> 0 | BM11: =SUM(AI11:BL11) -> 0 | CS11: =SUM(BN11:CR11) -> 0 | DY11: =SUM(CT11:DX11) -> 0 | FD11: =SUM(DZ11:FC11) -> 0 | GJ11: =SUM(FE11:GI11) -> 0 | HO11: =SUM(GK11:HN11) -> 0 | IT11: 220 | IU11: =SUM(HP11:IT11) -> 220 | IV11: =SUM(AH11,BM11,CS11,DY11,FD11,GJ11,HO11,IU11) -> 220
A12: Отрисовка фитингов в МПК Панорама | B12: шт. | AH12: =SUM(C12:AG12) -> 0 | BM12: =SUM(AI12:BL12) -> 0 | CB12: 1 | CO12: 1 | CS12: =SUM(BN12:CR12) -> 2 | DY12: =SUM(CT12:DX12) -> 0 | FD12: =SUM(DZ12:FC12) -> 0 | GJ12: =SUM(FE12:GI12) -> 0 | HO12: =SUM(GK12:HN12) -> 0 | IT12: 6 | IU12: =SUM(HP12:IT12) -> 6 | IV12: =SUM(AH12,BM12,CS12,DY12,FD12,GJ12,HO12,IU12) -> 8
A13: Нанесение подвалов в МПК "Панорама" | B13: шт. | AH13: =SUM(C13:AG13) -> 0 | BM13: =SUM(AI13:BL13) -> 0 | CS13: =SUM(BN13:CR13) -> 0 | DY13: =SUM(CT13:DX13) -> 0 | FD13: =SUM(DZ13:FC13) -> 0 | GJ13: =SUM(FE13:GI13) -> 0 | HO13: =SUM(GK13:HN13) -> 0 | IT13: 156 | IU13: =SUM(HP13:IT13) -> 156 | IV13: =SUM(AH13,BM13,CS13,DY13,FD13,GJ13,HO13,IU13) -> 156
A14: Исправление ошибок по целостности газопроводов | B14: шт. | AH14: =SUM(C14:AG14) -> 0 | BM14: =SUM(AI14:BL14) -> 0 | CJ14: 9 | CS14: =SUM(BN14:CR14) -> 9 | DY14: =SUM(CT14:DX14) -> 0 | FD14: =SUM(DZ14:FC14) -> 0 | GJ14: =SUM(FE14:GI14) -> 0 | HO14: =SUM(GK14:HN14) -> 0 | IT14: 108 | IU14: =SUM(HP14:IT14) -> 108 | IV14: =SUM(AH14,BM14,CS14,DY14,FD14,GJ14,HO14,IU14) -> 117
A15: Заполнение карточки на кран на газопроводе-вводе | B15: шт. | C15: 31 | AH15: =SUM(C15:AG15) -> 31 | AZ15: 18 | BA15: 14 | BM15: =SUM(AI15:BL15) -> 32 | BU15: 2 | BV15: 2 | CG15: 2 | CH15: 3 | CK15: 2 | CN15: 1 | CO15: 1 | CP15: 3 | CS15: =SUM(BN15:CR15) -> 16 | CX15: 5 | CY15: 1 | CZ15: 2 | DC15: 2 | DD15: 6 | DE15: 27 | DF15: 18 | DG15: 10 | DK15: 3 | DL15: 8 | DR15: 3 | DS15: 2 | DX15: 4 | DY15: =SUM(CT15:DX15) -> 91 | EB15: 10 | EC15: 1 | EF15: 6 | EI15: 1 | EM15: 1 | EN15: 2 | EO15: 26 | EP15: 15 | EQ15: 2 | ET15: 1 | EV15: 1 | EW15: 4 | FD15: =SUM(DZ15:FC15) -> 70 | GJ15: =SUM(FE15:GI15) -> 0 | HO15: =SUM(GK15:HN15) -> 0 | IT15: 750 | IU15: =SUM(HP15:IT15) -> 750 | IV15: =SUM(AH15,BM15,CS15,DY15,FD15,GJ15,HO15,IU15) -> 990
A16: Демонтаж газопроводов | B16: Арх. № (пунктов) | AH16: =SUM(C16:AG16) -> 0 | BM16: =SUM(AI16:BL16) -> 0 | CS16: =SUM(BN16:CR16) -> 0 | DY16: =SUM(CT16:DX16) -> 0 | FD16: =SUM(DZ16:FC16) -> 0 | GJ16: =SUM(FE16:GI16) -> 0 | HO16: =SUM(GK16:HN16) -> 0 | IU16: =SUM(HP16:IT16) -> 0 | IV16: =SUM(AH16,BM16,CS16,DY16,FD16,GJ16,HO16,IU16) -> 0
A17: Инвентаризация запорных устройств | B17: шт. | C17: 24 | AH17: =SUM(C17:AG17) -> 24 | BM17: =SUM(AI17:BL17) -> 0 | CS17: =SUM(BN17:CR17) -> 0 | IV17: =SUM(AH17,BM17,CS17,DY17,FD17,GJ17,HO17,IU17) -> 24
A18: Иные работы | B18: шт. | AH18: =SUM(C18:AG18) -> 0 | BM18: =SUM(AI18:BL18) -> 0 | CC18: 7 | CD18: 8 | CQ18: 50 | CR18: 220 | CS18: =SUM(BN18:CR18) -> 285 | CV18: 716 | CW18: 1129 | CX18: 512 | DM18: 170 | DN18: 155 | DY18: =SUM(CT18:DX18) -> 2682 | FD18: =SUM(DZ18:FC18) -> 0 | GJ18: =SUM(FE18:GI18) -> 0 | HO18: =SUM(GK18:HN18) -> 0 | IU18: =SUM(HP18:IT18) -> 0 | IV18: =SUM(AH18,BM18,CS18,DY18,FD18,GJ18,HO18,IU18) -> 2967
AH19: =SUM(C19:AG19) -> 0 | BM19: =SUM(AI19:BL19) -> 0
AH20: =SUM(C20:AG20) -> 0 | BM20: =SUM(AI20:BL20) -> 0
AH21: =SUM(C21:AG21) -> 0 | BM21: =SUM(AI21:BL21) -> 0
AH22: =SUM(C22:AG22) -> 0 | BM22: =SUM(AI22:BL22) -> 0
AH23: =SUM(C23:AG23) -> 0 | BM23: =SUM(AI23:BL23) -> 0
B86: Оформление эксплуатационного паспорта в ПК УРГ
B87: Инвентаризация объектов ПК УРГ
B88: Прикрепление файлов в ПК УРГ
B89: Сканирование документации в ПК УРГ

Sheet Кошель
A1: Выполняемые работы | B1: Кол-во выполненной работы | C1: 46143 | D1: 46144 | E1: 46145 | F1: 46146 | G1: 46147 | H1: 46148 | I1: 46149 | J1: 46150 | K1: 46151 | L1: 46152 | M1: 46153 | N1: 46154 | O1: 46155 | P1: 46156 | Q1: 46157 | R1: 46158 | S1: 46159 | T1: 46160 | U1: 46161 | V1: 46162 | W1: 46163 | X1: 46164 | Y1: 46165 | Z1: 46166 | AA1: 46167 | AB1: 46168 | AC1: 46169 | AD1: 46170 | AE1: 46171 | AF1: 46172 | AG1: 46173 | AH1: Май | AI1: 46174 | AJ1: 46175 | AK1: 46176 | AL1: 46177 | AM1: 46178 | AN1: 46179 | AO1: 46180 | AP1: 46181 | AQ1: 46182 | AR1: 46183 | AS1: 46184 | AT1: 46185 | AU1: 46186 | AV1: 46187 | AW1: 46188 | AX1: 46189 | AY1: 46190 | AZ1: 46191 | BA1: 46192 | BB1: 46193 | BC1: 46194 | BD1: 46195 | BE1: 46196 | BF1: 46197 | BG1: 46198 | BH1: 46199 | BI1: 46200 | BJ1: 46201 | BK1: 46202 | BL1: 46203 | BM1: Июнь | BN1: 46204 | BO1: 46205 | BP1: 46206 | BQ1: 46207 | BR1: 46208 | BS1: 46209 | BT1: 46210 | BU1: 46211 | BV1: 46212 | BW1: 46213 | BX1: 46214 | BY1: 46215 | BZ1: 46216 | CA1: 46217 | CB1: 46218 | CC1: 46219 | CD1: 46220 | CE1: 46221 | CF1: 46222 | CG1: 46223 | CH1: 46224 | CI1: 46225 | CJ1: 46226 | CK1: 46227 | CL1: 46228 | CM1: 46229 | CN1: 46230 | CO1: 46231 | CP1: 46232 | CQ1: 46233 | CR1: 46234 | CS1: Июль | CT1: 46235 | CU1: 46236 | CV1: 46237 | CW1: 46238 | CX1: 46239 | CY1: 46240 | CZ1: 46241 | DA1: 46242 | DB1: 46243 | DC1: 46244 | DD1: 46245 | DE1: 46246 | DF1: 46247 | DG1: 46248 | DH1: 46249 | DI1: 46250 | DJ1: 46251 | DK1: 46252 | DL1: 46253 | DM1: 46254 | DN1: 46255 | DO1: 46256 | DP1: 46257 | DQ1: 46258 | DR1: 46259 | DS1: 46260 | DT1: 46261 | DU1: 46262 | DV1: 46263 | DW1: 46264 | DX1: 46265 | DY1: Август | DZ1: 46266 | EA1: 46267 | EB1: 46268 | EC1: 46269 | ED1: 46270 | EE1: 46271 | EF1: 46272 | EG1: 46273 | EH1: 46274 | EI1: 46275 | EJ1: 46276 | EK1: 46277 | EL1: 46278 | EM1: 46279 | EN1: 46280 | EO1: 46281 | EP1: 46282 | EQ1: 46283 | ER1: 46284 | ES1: 46285 | ET1: 46286 | EU1: 46287 | EV1: 46288 | EW1: 46289 | EX1: 46290 | EY1: 46291 | EZ1: 46292 | FA1: 46293 | FB1: 46294 | FC1: 46295 | FD1: Сентябрь | FE1: 46296 | FF1: 46297 | FG1: 46298 | FH1: 46299 | FI1: 46300 | FJ1: 46301 | FK1: 46302 | FL1: 46303 | FM1: 46304 | FN1: 46305 | FO1: 46306 | FP1: 46307 | FQ1: 46308 | FR1: 46309 | FS1: 46310 | FT1: 46311 | FU1: 46312 | FV1: 46313 | FW1: 46314 | FX1: 46315 | FY1: 46316 | FZ1: 46317 | GA1: 46318 | GB1: 46319 | GC1: 46320 | GD1: 46321 | GE1: 46322 | GF1: 46323 | GG1: 46324 | GH1: 46325 | GI1: 46326 | GJ1: Октябрь | GK1: 46327 | GL1: 46328 | GM1: 46329 | GN1: 46330 | GO1: 46331 | GP1: 46332 | GQ1: 46333 | GR1: 46334 | GS1: 46335 | GT1: 46336 | GU1: 46337 | GV1: 46338 | GW1: 46339 | GX1: 46340 | GY1: 46341 | GZ1: 46342 | HA1: 46343 | HB1: 46344 | HC1: 46345 | HD1: 46346 | HE1: 46347 | HF1: 46348 | HG1: 46349 | HH1: 46350 | HI1: 46351 | HJ1: 46352 | HK1: 46353 | HL1: 46354 | HM1: 46355 | HN1: 46356 | HO1: Ноябрь | HP1: 46357 | HQ1: 46358 | HR1: 46359 | HS1: 46360 | HT1: 46361 | HU1: 46362 | HV1: 46363 | HW1: 46364 | HX1: 46365 | HY1: 46366 | HZ1: 46367 | IA1: 46368 | IB1: 46369 | IC1: 46370 | ID1: 46371 | IE1: 46372 | IF1: 46373 | IG1: 46374 | IH1: 46375 | II1: 46376 | IJ1: 46377 | IK1: 46378 | IL1: 46379 | IM1: 46380 | IN1: 46381 | IO1: 46382 | IP1: 46383 | IQ1: 46384 | IR1: 46385 | IS1: 46386 | IT1: 46387 | IU1: Декабрь | IV1: Всё
A2: Создание нового объекта в АРМ "Наружные сети", МПК "Панорама", внесение графического изображения газопровода и смежных коммуникация, настройка связей, внесение электронного варианта ИТД | B2: м. | AH2: =SUM(C2:AG2) -> 0 | BM2: =SUM(AI2:BL2) -> 0 | CS2: =SUM(BN2:CR2) -> 0 | DY2: =SUM(CT2:DX2) -> 0 | FD2: =SUM(DZ2:FC2) -> 0 | GJ2: =SUM(FE2:GI2) -> 0 | HO2: =SUM(GK2:HN2) -> 0 | IU2: =SUM(HP2:IT2) -> 0 | IV2: =SUM(AH2,BM2,CS2,DY2,FD2,GJ2,HO2,IU2) -> 0
A3: Внесение в 7эг, МПК "Панорама" актов на ликвидацию | B3: шт. | AH3: =SUM(C3:AG3) -> 0 | BM3: =SUM(AI3:BL3) -> 0 | CS3: =SUM(BN3:CR3) -> 0 | DY3: =SUM(CT3:DX3) -> 0 | FD3: =SUM(DZ3:FC3) -> 0 | GJ3: =SUM(FE3:GI3) -> 0 | HO3: =SUM(GK3:HN3) -> 0 | IU3: =SUM(HP3:IT3) -> 0 | IV3: =SUM(AH3,BM3,CS3,DY3,FD3,GJ3,HO3,IU3) -> 0
A4: Сканирование нарядов, размещение в электронный архив | B4: шт. | AH4: =SUM(C4:AG4) -> 0 | BM4: =SUM(AI4:BL4) -> 0 | CS4: =SUM(BN4:CR4) -> 0 | DY4: =SUM(CT4:DX4) -> 0 | FD4: =SUM(DZ4:FC4) -> 0 | GJ4: =SUM(FE4:GI4) -> 0 | HO4: =SUM(GK4:HN4) -> 0 | IU4: =SUM(HP4:IT4) -> 0 | IV4: =SUM(AH4,BM4,CS4,DY4,FD4,GJ4,HO4,IU4) -> 0
A5: Внесение нарядов в программные комплексы | B5: шт. | AH5: =SUM(C5:AG5) -> 0 | BM5: =SUM(AI5:BL5) -> 0 | CS5: =SUM(BN5:CR5) -> 0 | DY5: =SUM(CT5:DX5) -> 0 | FD5: =SUM(DZ5:FC5) -> 0 | GJ5: =SUM(FE5:GI5) -> 0 | HO5: =SUM(GK5:HN5) -> 0 | IU5: =SUM(HP5:IT5) -> 0 | IV5: =SUM(AH5,BM5,CS5,DY5,FD5,GJ5,HO5,IU5) -> 0
A6: Исправление замечаний в 7эг | B6: шт. | AH6: =SUM(C6:AG6) -> 0 | BM6: =SUM(AI6:BL6) -> 0 | CS6: =SUM(BN6:CR6) -> 0 | DY6: =SUM(CT6:DX6) -> 0 | FD6: =SUM(DZ6:FC6) -> 0 | GJ6: =SUM(FE6:GI6) -> 0 | HO6: =SUM(GK6:HN6) -> 0 | IU6: =SUM(HP6:IT6) -> 0 | IV6: =SUM(AH6,BM6,CS6,DY6,FD6,GJ6,HO6,IU6) -> 0
A7: Исправление замечаний в МПК Панорама | B7: шт. | AH7: =SUM(C7:AG7) -> 0 | BM7: =SUM(AI7:BL7) -> 0 | CS7: =SUM(BN7:CR7) -> 0 | DY7: =SUM(CT7:DX7) -> 0 | FD7: =SUM(DZ7:FC7) -> 0 | GJ7: =SUM(FE7:GI7) -> 0 | HO7: =SUM(GK7:HN7) -> 0 | IU7: =SUM(HP7:IT7) -> 0 | IV7: =SUM(AH7,BM7,CS7,DY7,FD7,GJ7,HO7,IU7) -> 0
A8: Инвентаризация паспортов | B8: Арх. № (пунктов) | AH8: =SUM(C8:AG8) -> 0 | BM8: =SUM(AI8:BL8) -> 0 | CS8: =SUM(BN8:CR8) -> 0 | DY8: =SUM(CT8:DX8) -> 0 | FD8: =SUM(DZ8:FC8) -> 0 | GJ8: =SUM(FE8:GI8) -> 0 | HO8: =SUM(GK8:HN8) -> 0 | IU8: =SUM(HP8:IT8) -> 0 | IV8: =SUM(AH8,BM8,CS8,DY8,FD8,GJ8,HO8,IU8) -> 0
A9: Сканирование документации (листов) | B9: шт. | C9: 120 | K9: 10 | L9: 6 | M9: 8 | N9: 20 | Q9: 38 | R9: 30 | AH9: =SUM(C9:AG9) -> 232 | AQ9: 10 | AR9: 6 | AS9: 8 | AT9: 20 | AW9: 38 | AX9: 30 | AY9: 43 | AZ9: 56 | BA9: 52 | BD9: 36 | BE9: 47 | BF9: 43 | BG9: 45 | BH9: 34 | BK9: 46 | BL9: 53 | BM9: =SUM(AI9:BL9) -> 567 | BN9: 69 | BO9: 43 | BS9: 38 | BT9: 52 | BU9: 36 | BV9: 42 | BW9: 47 | BZ9: 94 | CA9: 51 | CB9: 42 | CC9: 47 | CD9: 44 | CG9: 60 | CH9: 32 | CI9: 27 | CJ9: 39 | CK9: 37 | CN9: 41 | CO9: 37 | CP9: 34 | CQ9: 31 | CR9: 35 | CS9: =SUM(BN9:CR9) -> 978 | CT9: 4 | CU9: 0 | CV9: 0 | CW9: 32 | CX9: 43 | CY9: 35 | CZ9: 29 | DC9: 37 | DD9: 41 | DE9: 45 | DF9: 43 | DG9: 39 | DH9: 33 | DK9: 37 | DL9: 22 | DM9: 47 | DN9: 33 | DQ9: 41 | DR9: 53 | DS9: 44 | DT9: 39 | DU9: 30 | DX9: 38 | DY9: =SUM(CT9:DX9) -> 765 | DZ9: 43 | EA9: 42 | EB9: 33 | EC9: 29 | EF9: 35 | EG9: 28 | EH9: 43 | EI9: 39 | EJ9: 32 | EM9: 31 | EN9: 37 | EO9: 41 | EP9: 47 | EQ9: 34 | ET9: 42 | EU9: 49 | EV9: 46 | EW9: 36 | EX9: 29 | FA9: 39 | FB9: 45 | FC9: 39 | FD9: =SUM(DZ9:FC9) -> 839 | FE9: 21 | GJ9: =SUM(FE9:GI9) -> 21 | HO9: =SUM(GK9:HN9) -> 0 | IU9: =SUM(HP9:IT9) -> 0 | IV9: =SUM(AH9,BM9,CS9,DY9,FD9,GJ9,HO9,IU9) -> 3402
A10: Прикрепление файлов итд в 7 ЭГ | B10: шт. | C10: 120 | K10: 10 | L10: 6 | M10: 8 | N10: 20 | Q10: 38 | R10: 66 | AH10: =SUM(C10:AG10) -> 268 | AQ10: 10 | AR10: 6 | AS10: 8 | AT10: 20 | AW10: 38 | AX10: 66 | AY10: 43 | AZ10: 56 | BA10: 52 | BD10: 36 | BE10: 47 | BF10: 43 | BG10: 45 | BH10: 34 | BK10: 46 | BL10: 53 | BM10: =SUM(AI10:BL10) -> 603 | BN10: 69 | BO10: 43 | BS10: 38 | BT10: 52 | BU10: 36 | BV10: 42 | BW10: 47 | BZ10: 94 | CA10: 51 | CB10: 42 | CC10: 47 | CD10: 44 | CG10: 60 | CH10: 32 | CI10: 27 | CJ10: 39 | CK10: 37 | CN10: 41 | CO10: 37 | CP10: 34 | CQ10: 31 | CR10: 35 | CS10: =SUM(BN10:CR10) -> 978 | CT10: 4 | CU10: 0 | CV10: 0 | CW10: 32 | CX10: 43 | CY10: 35 | CZ10: 29 | DC10: 37 | DD10: 41 | DE10: 45 | DF10: 43 | DG10: 39 | DH10: 33 | DK10: 37 | DL10: 22 | DM10: 47 | DN10: 33 | DQ10: 41 | DR10: 53 | DS10: 44 | DT10: 39 | DU10: 30 | DX10: 38 | DY10: =SUM(CT10:DX10) -> 765 | DZ10: 43 | EA10: 42 | EB10: 33 | EC10: 29 | EF10: 35 | EG10: 28 | EH10: 43 | EI10: 39 | EJ10: 32 | EM10: 31 | EN10: 37 | EO10: 41 | EP10: 47 | EQ10: 34 | ET10: 42 | EU10: 49 | EV10: 46 | EW10: 36 | EX10: 29 | FA10: 39 | FB10: 45 | FC10: 39 | FD10: =SUM(DZ10:FC10) -> 839 | FE10: 21 | GJ10: =SUM(FE10:GI10) -> 21 | HO10: =SUM(GK10:HN10) -> 0 | IU10: =SUM(HP10:IT10) -> 0 | IV10: =SUM(AH10,BM10,CS10,DY10,FD10,GJ10,HO10,IU10) -> 3474
A11: Связь графика КПО с картой КПО | B11: шт. | AH11: =SUM(C11:AG11) -> 0 | BM11: =SUM(AI11:BL11) -> 0 | CS11: =SUM(BN11:CR11) -> 0 | DY11: =SUM(CT11:DX11) -> 0 | FD11: =SUM(DZ11:FC11) -> 0 | GJ11: =SUM(FE11:GI11) -> 0 | HO11: =SUM(GK11:HN11) -> 0 | IU11: =SUM(HP11:IT11) -> 0 | IV11: =SUM(AH11,BM11,CS11,DY11,FD11,GJ11,HO11,IU11) -> 0
A12: Отрисовка фитингов в МПК Панорама | B12: шт. | AH12: =SUM(C12:AG12) -> 0 | BM12: =SUM(AI12:BL12) -> 0 | CS12: =SUM(BN12:CR12) -> 0 | DY12: =SUM(CT12:DX12) -> 0 | FD12: =SUM(DZ12:FC12) -> 0 | GJ12: =SUM(FE12:GI12) -> 0 | HO12: =SUM(GK12:HN12) -> 0 | IU12: =SUM(HP12:IT12) -> 0 | IV12: =SUM(AH12,BM12,CS12,DY12,FD12,GJ12,HO12,IU12) -> 0
A13: Нанесение подвалов в МПК "Панорама" | B13: шт. | AH13: =SUM(C13:AG13) -> 0 | BM13: =SUM(AI13:BL13) -> 0 | CS13: =SUM(BN13:CR13) -> 0 | DY13: =SUM(CT13:DX13) -> 0 | FD13: =SUM(DZ13:FC13) -> 0 | GJ13: =SUM(FE13:GI13) -> 0 | HO13: =SUM(GK13:HN13) -> 0 | IU13: =SUM(HP13:IT13) -> 0 | IV13: =SUM(AH13,BM13,CS13,DY13,FD13,GJ13,HO13,IU13) -> 0
A14: Исправление ошибок по целостности газопроводов | B14: шт. | AH14: =SUM(C14:AG14) -> 0 | BM14: =SUM(AI14:BL14) -> 0 | CS14: =SUM(BN14:CR14) -> 0 | DY14: =SUM(CT14:DX14) -> 0 | FD14: =SUM(DZ14:FC14) -> 0 | GJ14: =SUM(FE14:GI14) -> 0 | HO14: =SUM(GK14:HN14) -> 0 | IU14: =SUM(HP14:IT14) -> 0 | IV14: =SUM(AH14,BM14,CS14,DY14,FD14,GJ14,HO14,IU14) -> 0
A15: Заполнение карточки на кран на газопроводе-вводе | B15: шт. | AH15: =SUM(C15:AG15) -> 0 | BM15: =SUM(AI15:BL15) -> 0 | CS15: =SUM(BN15:CR15) -> 0 | DY15: =SUM(CT15:DX15) -> 0 | FD15: =SUM(DZ15:FC15) -> 0 | GJ15: =SUM(FE15:GI15) -> 0 | HO15: =SUM(GK15:HN15) -> 0 | IU15: =SUM(HP15:IT15) -> 0 | IV15: =SUM(AH15,BM15,CS15,DY15,FD15,GJ15,HO15,IU15) -> 0
A16: Демонтаж газопроводов | B16: Арх. № (пунктов) | AH16: =SUM(C16:AG16) -> 0 | BM16: =SUM(AI16:BL16) -> 0 | CS16: =SUM(BN16:CR16) -> 0 | DY16: =SUM(CT16:DX16) -> 0 | FD16: =SUM(DZ16:FC16) -> 0 | GJ16: =SUM(FE16:GI16) -> 0 | HO16: =SUM(GK16:HN16) -> 0 | IU16: =SUM(HP16:IT16) -> 0 | IV16: =SUM(AH16,BM16,CS16,DY16,FD16,GJ16,HO16,IU16) -> 0
A17: Инвентаризация запорных устройств | B17: шт. | C17: 45 | AH17: =SUM(C17:AG17) -> 45 | BL17: 104 | BM17: =SUM(AI17:BL17) -> 104 | CW17: 5 | CX17: 9 | CY17: 10 | CZ17: 7 | DC17: 13 | DD17: 12 | DE17: 14 | DF17: 14 | DG17: 12 | DH17: 11 | DK17: 11 | DL17: 9 | DM17: 9 | DN17: 6 | DQ17: 12 | DR17: 5 | DS17: 6 | DT17: 5 | DU17: 4 | DX17: 5 | DY17: =SUM(CT17:DX17) -> 179 | DZ17: 4 | EA17: 2 | EB17: 4 | EC17: 3 | EF17: 3 | EG17: 2 | EH17: 4 | EI17: 6 | EJ17: 2 | EM17: 3 | EN17: 2 | EO17: 3 | EP17: 4 | EQ17: 3 | ET17: 6 | EU17: 3 | EV17: 3 | EW17: 4 | EX17: 2 | FA17: 3 | FB17: 0 | FC17: 4 | FE17: 2 | IV17: =SUM(AH17,BM17,CS17,DY17,FD17,GJ17,HO17,IU17) -> 328
A18: Иные работы | B18: шт. | AH18: =SUM(C18:AG18) -> 0 | BM18: =SUM(AI18:BL18) -> 0 | CS18: =SUM(BN18:CR18) -> 0 | DY18: =SUM(CT18:DX18) -> 0 | FD18: =SUM(DZ18:FC18) -> 0 | GJ18: =SUM(FE18:GI18) -> 0 | HO18: =SUM(GK18:HN18) -> 0 | IU18: =SUM(HP18:IT18) -> 0 | IV18: =SUM(AH18,BM18,CS18,DY18,FD18,GJ18,HO18,IU18) -> 0
K19: Проинвенторизировано 15 папок (10 паспортов было прикреплено; 4 остсутствововали) | L19: Проинвенторизировано 14 папок (6 паспортов было найдено; в 8 папках паспорта остутствовали) | M19: 14 папок не нашел паспорта; 7 паспорта прикреплены. Всего проинвентаризирована 21 папка. | N19: Отсканировано на сканере: 9; Остканировано на плоттере: 11. Проинвентаризировано папок: 11; Прикриплено паспортов: 2 | Q19: Проинвенторизировано 3 папки; Добавлено 2 паспорта на задвижки; Отсканировано на сканере 9; остканировано на плоттере 29; Сделана выборка для поиска архивных папок | R19: Проинвентаризировано 6 папок (отсканировано на плоттере 4; отсканировано на сканере 26; постобработка готовых сканов 36 | AH19: =SUM(C19:AG19) -> 0 | AQ19: Проинвенторизировано 15 папок (10 паспортов было прикреплено; 4 остсутствововали) | AR19: Проинвенторизировано 14 папок (6 паспортов было найдено; в 8 папках паспорта остутствовали) | AS19: 14 папок не нашел паспорта; 7 паспорта прикреплены. Всего проинвентаризирована 21 папка. | AT19: Отсканировано на сканере: 9; Остканировано на плоттере: 11. Проинвентаризировано папок: 11; Прикриплено паспортов: 2 | AW19: Проинвенторизировано 3 папки; Добавлено 2 паспорта на задвижки; Отсканировано на сканере 9; остканировано на плоттере 29; Сделана выборка для поиска архивных папок | AX19: Проинвентаризировано 6 папок (отсканировано на плоттере 4; отсканировано на сканере 26; постобработка готовых сканов 36 | AY19: Проинвентаризировано 5 папок; Отсканировано документов 43 с постобработкой; 17 документов сделана постаобработка; сделана выборка для поиска папок в архиве/ Найдено паспртов: 6; не найдено: 11 | AZ19: Проинвентаризировано 6 папок; Отсканировано документов 56 с постобработкой; сделана выборка для поиска папок в архиве/ Найдено паспортов: 9; не найдено: 7 | BA19: Проинвентаризировано папок 8; Отсканировано документов 52; из них прикреплено паспортов 6; не найдено паспортов 1 | BD19: Проинвентаризировано папок 7; Отсканировано документов 36; из них прикреплено паспортов 5; не найдено паспортов 11 | BE19: Проинвентаризировано 7 папок; Отсканировано документов 47 страниц; | BF19: Проивентаризировано 6 папок; отсканировано и прикреплено 43 страницы | BG19: Проивентаризировано 7 папок. Отскнировано 45; Прикреплено 45 | BH19: Проинвентаризировано 4 папки; 2 папки пересканировал документацию (кальки) полностью. Отсканировано на плоттере 18 листов | BK19: Проинвентаризировано папок 7; Отсканировано на плоттере 36;пособработано сканов 36; отсканировано на обычном сканере 12. | BL19: Проинвентаризировано 7 папок; Отсканировано на плоттере 19 листов; Отсканировано на сканере:34; Постобработка сканов: 23 | BM19: =SUM(AI19:BL19) -> 0 | BN19: Проинветаризировано 5 папок; отсканировано 69 страниц (48 на сканере и 21 на плоттере). Выполнена постобработка 21 страницы | BO19: Проинвентаризировано папок 5; Отсканировано на плоттере 11; отсканировано на сканере 32; выполнено постобработка изображений 14 | BT19: Отсканировано на сканере: 43; отсканировано на плоттере: 13; Выполнена постобработка: 13; Найдено паспортов: 8; Не найдень паспортов: 5. Проинвентаризировано папок: 8 | BU19: Проинвентаризировано 8 папок; отсканировано на сканере 33; на плоттере 3; найдено паспортов 9; не найдено паспорто 4 | BV19: Проинвентаризировано папок: 9; Отсканировано документов 42 (13 на плоттере; 29 на сканере; постобработка выполнена для 13 документов). Добавлено паспортов на задвижки/краны 14 (найдено 9; не найдено 5) | BW19: Отсканировано на плоттере 12; отсканировано на сканере 35; найдено паспортов 6; не найдено 5 | BZ19: Отсканировано на сканер 33; на плоттере 61; Проинвентаризировано папок 8; Прикреплено паспортов на краны (найдено: 9; не найдено 4) | CA19: Постобработка сканированных изображений на плоттере 61; Проинвентаризировано папок 6; Отсканировано на сканере: 51; найдено паспортов: 8; не найдено: 5 | CB19: Проинвентаризировано папок 9;Найдено паспортов 10; Не найдено 4; Отсканировано документов 43 (на сканере 31 на плоттере 12; выполнена постобработка страниц 43) | CC19: Проинвентаризировано папок: 9. Отсканировано документов: 47 (на плоттере: 6; на сканере 41). Найдено паспортов 13; Не найдено: 0 | CD19: Проинвентаризировано папок 8; Отсканировано документов: 44 (на сканере 37; на плоттере 7); паспортов найдено: 14; не найдено: 0 | CG19: Отсканировано документов: 45 (на сканере:43; на плоттере: 17). Проивентаризировано папок: 8; Прикреплено паспортов: 8; не найдено паспортов: 5 | CH19: Отсканировано документов: 32 (на сканере:23; на плоттере: 9) проинвентаризировано папок: 8; найдено паспортов: 10; не найдено: 2 | CI19: Собрание службу (1 ч. 25 мин.; проинвентаризировано папок: 4; Отсканировано документов (на сканере: 27); Найдено паспортов: 8.) | CJ19: Проинвентаризировано папок: 6; Отсканировано доментов 39 (37 на сканере и 2 на плоттере); Прикреплено паспортов на краны: 14 | CK19: Отсканировано и прикреплено документов: 37 (34 на сканере и 3 на плоттере); проинвентаризировано папок: 6; Найдено паспортов: 9; Не найдено: 2 | CN19: Отсканировано на сканере: 34; Проинвентаризировано папок: 9. Найдено паспортов: 12; Не найдено паспортов: 1 | CO19: Проинвенатрзировано папок: 7; Отсканировано документов: 37; Найдено паспортов: 10; Не найдено: 0 | CP19: Проинвентаризировано папок:8; Отсканировано на сканере: 29; Отсканировано на плоттере: 5. Найдено паспортов: 14 | CQ19: Проинвентаризировано папок: 9; Найдено паспортов на КШ (ЗУ):14; Отсканировано документов:31 (22 на сканере; 9 на плоттере) | CT19: Работал в 320 до 10:30 затем работал в архиве (искал накладные Белгазтезника) | CU19: Работа в архиве и поиск накладных Белгазтехника | CV19: Работа в архиве до 14:30 | CW19: Отсканировано на сканере: 26; отсканировано на плоттере: 5; Найдено паспортов: 8 | CX19: Отскнировано на плоттере; 7; Отсканировано на сканере: 36; Проинвентаризировано папок: 8. Найдено паспортов: 9; Не найдено 3 | CY19: Отсканировано на сканере: 35; Проинветаризировано папок: 7; Найдено паспортов 10; Не найдено: 2 | CZ19: Отсканировано документов: 29; Проинвентаризировано папок: 6. Найдено паспортов 7; Не найдено 2 | DC19: Отсканировано документов: 37; Проинвентаризировано папок: 7. Найдено паспортов 13; Не найдено 1 | DD19: Отсканировано документов: 41; Проинвентаризировано папок: 8. Найдено паспортов 12; Не найдено 3 | DE19: Отсканировано документов: 45; Проинвентаризировано папок: 8. Найдено паспортов 14; Не найдено 3 | DF19: Отсканировано документов: 43; Проинвентаризировано папок: 9. Найдено паспортов 14; Не найдено 5 | DH19: Отсканировано документов: 33; Проинвентаризировано папок: 7. Найдено паспортов 11; Не найдено 3 | DK19: Отсканировано документов: 37; Проинвентаризировано папок: 7. Найдено паспортов 11; Не найдено 4 | DL19: Отсканировано документов: 22; Проинвентаризировано папок: 7. Найдено паспортов 9; Не найдено 3 | DM19: Отсканировано документов: 47; Проинвентаризировано папок:11. Найдено паспортов 9; Не найдено 2 | DN19: Отсканировано документов: 33; Проинвентаризировано папок: 9. Найдено паспортов 6; Не найдено 5 | DQ19: Отсканировано документов: 41; Проинвентаризировано папок: 7. Найдено паспортов 12; Не найдено 5 | DR19: Отсканировано документов: 53; Проинвентаризировано папок: 12. Найдено паспортов 5; Не найдено 2 | DS19: Отсканировано документов: 44; Проинвентаризировано папок: 9. Найдено паспортов 6; Не найдено 7 | DT19: Отсканировано документов: 39; Проинвентаризировано папок: 7. Найдено паспортов 5; Не найдено 8 | DU19: Отсканировано документов:30; Проинвентаризировано папок: 6. Найдено паспортов 4; Не найдено 5 | DX19: Поиск архивных номеров по планшетам; Отсканировано документов на сканере 29; остканировано на плоттере 9; Проинвентаризировано папок 8; Найдено паспортов: 5; Не найдено: 7 | DY19: =SUM(CT19:DX19) -> 0 | DZ19: Поиск архивных номеров по планшетам; Отсканировано документов на сканере 34; остканировано на плоттере 9; Проинвентаризировано папок 9; Найдено паспортов: 4; Не найдено: 6 | EA19: Поиск архивных номеров по планшетам; Отсканировано документов на сканере 30; остканировано на плоттере 12; Проинвентаризировано папок 7; Найдено паспортов: 2; Не найдено: 7 | EB19: Поиск архивных номеров по планшетам; Отсканировано документов на сканере 23; остканировано на плоттере 10; Проинвентаризировано папок 6; Найдено паспортов: 4; Не найдено:6 | EC19: Поиск архивных номеров по планшетам; Отсканировано документов на сканере 15; остканировано на плоттере 14; Проинвентаризировано папок 5; Найдено паспортов: 3; Не найдено: 6 | EF19: Поиск архивных номеров по планшетам; Отсканировано документов на сканере 28; остканировано на плоттере 7; Проинвентаризировано папок 6; Найдено паспортов: 3; Не найдено: 6 | EG19: Поиск архивных номеров по планшетам; Отсканировано документов на сканере 15; остканировано на плоттере 13; Проинвентаризировано папок 6; Найдено паспортов: 2; Не найдено: 6 | EH19: Поиск архивных номеров по планшетам; Отсканировано документов на сканере 13; остканировано на плоттере30; Проинвентаризировано папок 7; Найдено паспортов: 4; Не найдено: 7 | EI19: Поиск архивных номеров по планшетам; Отсканировано документов на сканере 19; остканировано на плоттере 20; Проинвентаризировано папок 7; Найдено паспортов: 6; Не найдено: 7 | EJ19: Поиск архивных номеров по планшетам; Отсканировано документов на сканере 25; остканировано на плоттере 7; Проинвентаризировано папок 6; Найдено паспортов: 2; Не найдено: 6 | EM19: Поиск архивных номеров по планшетам; Отсканировано документов на сканере 25; остканировано на плоттере 6; Проинвентаризировано папок 5; Найдено паспортов: 3; Не найдено: 8 | EN19: Поиск архивных номеров по планшетам; Отсканировано документов на сканере 31; остканировано на плоттере 6; Проинвентаризировано папок 7; Найдено паспортов: 2; Не найдено: 7 | EO19: Поиск архивных номеров по планшетам; Отсканировано документов на сканере 25; остканировано на плоттере 17; Проинвентаризировано папок 4; Найдено паспортов: 3; Не найдено: 8 | EP19: Поиск архивных номеров по планшетам; Отсканировано документов на сканере 39; остканировано на плоттере 8; Проинвентаризировано папок 6; Найдено паспортов: 4; Не найдено: 5 | EQ19: Поиск архивных номеров по планшетам; Отсканировано документов на сканере 29; остканировано на плоттере 5; Проинвентаризировано папок 4; Найдено паспортов: 3; Не найдено: 7 | ET19: Поиск архивных номеров по планшетам; Отсканировано документов на сканере 35; остканировано на плоттере 7; Проинвентаризировано папок 7; Найдено паспортов: 6; Не найдено: 8 | EU19: Поиск архивных номеров по планшетам; Отсканировано документов на сканере 38; остканировано на плоттере 11; Проинвентаризировано папок 6; Найдено паспортов: 3; Не найдено: 6 | EV19: Поиск архивных номеров по планшетам; Отсканировано документов на сканере 38; остканировано на плоттере 8; Проинвентаризировано папок 5; Найдено паспортов: 3; Не найдено: 6 | EW19: Поиск архивных номеров по планшетам; Отсканировано документов на сканере 30; остканировано на плоттере 6; Проинвентаризировано папок 5; Найдено паспортов: 4; Не найдено: 6 | EX19: Поиск архивных номеров по планшетам; Отсканировано документов на сканере 21; остканировано на плоттере 8; Проинвентаризировано папок 4; Найдено паспортов: 2; Не найдено: 6 | FA19: Поиск архивных номеров по планшетам; Отсканировано документов на сканере 39; Найдено паспортов: 3. Не найдено: 2 После 13:00 Сканировка документов для УРГ | FB19: Сканировка УРГ. Не занимался 7 ЭГ. Отсканировано документов для УРГ: 45 | FC19: Сканировка для 7ЭГ. Отсканировано на плоттере: 14; Отсканировано на сканере: 25. Найдено паспортов: 4. Не найдено:7 | FE19: До 12:00 7ЭГ. После обеда УРГ. Вводные понятия в программу узлы редуцирования.
AH20: =SUM(C20:AG20) -> 0 | BM20: =SUM(AI20:BL20) -> 0
AH21: =SUM(C21:AG21) -> 0 | BM21: =SUM(AI21:BL21) -> 0
AH22: =SUM(C22:AG22) -> 0 | BM22: =SUM(AI22:BL22) -> 0
AH23: =SUM(C23:AG23) -> 0 | BM23: =SUM(AI23:BL23) -> 0
B86: Оформление эксплуатационного паспорта в ПК УРГ
B87: Инвентаризация объектов ПК УРГ
B88: Прикрепление файлов в ПК УРГ
B89: Сканирование документации в ПК УРГ

Sheet Новик
A1: Выполняемые работы | B1: Кол-во выполненной работы | C1: 46143 | D1: 46144 | E1: 46145 | F1: 46146 | G1: 46147 | H1: 46148 | I1: 46149 | J1: 46150 | K1: 46151 | L1: 46152 | M1: 46153 | N1: 46154 | O1: 46155 | P1: 46156 | Q1: 46157 | R1: 46158 | S1: 46159 | T1: 46160 | U1: 46161 | V1: 46162 | W1: 46163 | X1: 46164 | Y1: 46165 | Z1: 46166 | AA1: 46167 | AB1: 46168 | AC1: 46169 | AD1: 46170 | AE1: 46171 | AF1: 46172 | AG1: 46173 | AH1: Май | AI1: 46174 | AJ1: 46175 | AK1: 46176 | AL1: 46177 | AM1: 46178 | AN1: 46179 | AO1: 46180 | AP1: 46181 | AQ1: 46182 | AR1: 46183 | AS1: 46184 | AT1: 46185 | AU1: 46186 | AV1: 46187 | AW1: 46188 | AX1: 46189 | AY1: 46190 | AZ1: 46191 | BA1: 46192 | BB1: 46193 | BC1: 46194 | BD1: 46195 | BE1: 46196 | BF1: 46197 | BG1: 46198 | BH1: 46199 | BI1: 46200 | BJ1: 46201 | BK1: 46202 | BL1: 46203 | BM1: Июнь | BN1: 46204 | BO1: 46205 | BP1: 46206 | BQ1: 46207 | BR1: 46208 | BS1: 46209 | BT1: 46210 | BU1: 46211 | BV1: 46212 | BW1: 46213 | BX1: 46214 | BY1: 46215 | BZ1: 46216 | CA1: 46217 | CB1: 46218 | CC1: 46219 | CD1: 46220 | CE1: 46221 | CF1: 46222 | CG1: 46223 | CH1: 46224 | CI1: 46225 | CJ1: 46226 | CK1: 46227 | CL1: 46228 | CM1: 46229 | CN1: 46230 | CO1: 46231 | CP1: 46232 | CQ1: 46233 | CR1: 46234 | CS1: Июль | CT1: 46235 | CU1: 46236 | CV1: 46237 | CW1: 46238 | CX1: 46239 | CY1: 46240 | CZ1: 46241 | DA1: 46242 | DB1: 46243 | DC1: 46244 | DD1: 46245 | DE1: 46246 | DF1: 46247 | DG1: 46248 | DH1: 46249 | DI1: 46250 | DJ1: 46251 | DK1: 46252 | DL1: 46253 | DM1: 46254 | DN1: 46255 | DO1: 46256 | DP1: 46257 | DQ1: 46258 | DR1: 46259 | DS1: 46260 | DT1: 46261 | DU1: 46262 | DV1: 46263 | DW1: 46264 | DX1: 46265 | DY1: Август | DZ1: 46266 | EA1: 46267 | EB1: 46268 | EC1: 46269 | ED1: 46270 | EE1: 46271 | EF1: 46272 | EG1: 46273 | EH1: 46274 | EI1: 46275 | EJ1: 46276 | EK1: 46277 | EL1: 46278 | EM1: 46279 | EN1: 46280 | EO1: 46281 | EP1: 46282 | EQ1: 46283 | ER1: 46284 | ES1: 46285 | ET1: 46286 | EU1: 46287 | EV1: 46288 | EW1: 46289 | EX1: 46290 | EY1: 46291 | EZ1: 46292 | FA1: 46293 | FB1: 46294 | FC1: 46295 | FD1: Сентябрь | FE1: 46296 | FF1: 46297 | FG1: 46298 | FH1: 46299 | FI1: 46300 | FJ1: 46301 | FK1: 46302 | FL1: 46303 | FM1: 46304 | FN1: 46305 | FO1: 46306 | FP1: 46307 | FQ1: 46308 | FR1: 46309 | FS1: 46310 | FT1: 46311 | FU1: 46312 | FV1: 46313 | FW1: 46314 | FX1: 46315 | FY1: 46316 | FZ1: 46317 | GA1: 46318 | GB1: 46319 | GC1: 46320 | GD1: 46321 | GE1: 46322 | GF1: 46323 | GG1: 46324 | GH1: 46325 | GI1: 46326 | GJ1: Октябрь | GK1: 46327 | GL1: 46328 | GM1: 46329 | GN1: 46330 | GO1: 46331 | GP1: 46332 | GQ1: 46333 | GR1: 46334 | GS1: 46335 | GT1: 46336 | GU1: 46337 | GV1: 46338 | GW1: 46339 | GX1: 46340 | GY1: 46341 | GZ1: 46342 | HA1: 46343 | HB1: 46344 | HC1: 46345 | HD1: 46346 | HE1: 46347 | HF1: 46348 | HG1: 46349 | HH1: 46350 | HI1: 46351 | HJ1: 46352 | HK1: 46353 | HL1: 46354 | HM1: 46355 | HN1: 46356 | HO1: Ноябрь | HP1: 46357 | HQ1: 46358 | HR1: 46359 | HS1: 46360 | HT1: 46361 | HU1: 46362 | HV1: 46363 | HW1: 46364 | HX1: 46365 | HY1: 46366 | HZ1: 46367 | IA1: 46368 | IB1: 46369 | IC1: 46370 | ID1: 46371 | IE1: 46372 | IF1: 46373 | IG1: 46374 | IH1: 46375 | II1: 46376 | IJ1: 46377 | IK1: 46378 | IL1: 46379 | IM1: 46380 | IN1: 46381 | IO1: 46382 | IP1: 46383 | IQ1: 46384 | IR1: 46385 | IS1: 46386 | IT1: 46387 | IU1: Декабрь | IV1: Всё
A2: Создание нового объекта в АРМ "Наружные сети", МПК "Панорама", внесение графического изображения газопровода и смежных коммуникация, настройка связей, внесение электронного варианта ИТД | B2: м. | C2: 3056.63 | AH2: =SUM(C2:AG2) -> 3056.63 | AI2: 2076.88 | AJ2: 40.53 | AK2: 45.32 | AM2: 57.93 | AP2: 38.63 | AR2: 299.5 | AT2: 88.62 | BM2: =SUM(AI2:BL2) -> 2647.41 | BO2: 1156.78 | BS2: 319.87 | BT2: 27.45 | CP2: 116.05 | CR2: 186.67 | CS2: =SUM(BN2:CR2) -> 1806.82 | CV2: 66.42 | CY2: 11.64 | DD2: 40.94 | DG2: 146.01 | DK2: 285.5 | DQ2: 191.58 | DS2: 1028.53 | DT2: 9.83 | DU2: 73.31 | DY2: =SUM(CT2:DX2) -> 1853.76 | DZ2: 68.64 | EC2: 26.05 | EF2: 43.06 | EG2: 74.7 | EH2: 2679.57 | EI2: 44 | EN2: 50.69 | EP2: 109.2 | EQ2: 96.58 | FD2: =SUM(DZ2:FC2) -> 3192.49 | FF2: 183.43 | GJ2: =SUM(FE2:GI2) -> 183.43 | HO2: =SUM(GK2:HN2) -> 0 | IT2: 1500 | IU2: =SUM(HP2:IT2) -> 1500 | IV2: =SUM(AH2,BM2,CS2,DY2,FD2,GJ2,HO2,IU2) -> 14240.54
A3: Внесение в 7эг, МПК "Панорама" актов на ликвидацию | B3: шт. | C3: 50 | AH3: =SUM(C3:AG3) -> 50 | AK3: 1 | AL3: 1 | AM3: 1 | AT3: 1 | BM3: =SUM(AI3:BL3) -> 4 | BV3: 2 | CQ3: 2 | CR3: 1 | CS3: =SUM(BN3:CR3) -> 5 | CX3: 3 | CY3: 1 | CZ3: 2 | DC3: 1 | DD3: 1 | DE3: 2 | DF3: 3 | DJ3: 1 | DN3: 1 | DY3: =SUM(CT3:DX3) -> 15 | DZ3: 1 | EA3: 1 | EF3: 1 | EJ3: 2 | EM3: 3 | EN3: 1 | FD3: =SUM(DZ3:FC3) -> 9 | FE3: 1 | FI3: 11 | GJ3: =SUM(FE3:GI3) -> 12 | HO3: =SUM(GK3:HN3) -> 0 | IT3: 51 | IU3: =SUM(HP3:IT3) -> 51 | IV3: =SUM(AH3,BM3,CS3,DY3,FD3,GJ3,HO3,IU3) -> 146
A4: Сканирование нарядов, размещение в электронный архив | B4: шт. | C4: 50 | AH4: =SUM(C4:AG4) -> 50 | AK4: 2 | AL4: 2 | AM4: 2 | AT4: 2 | AZ4: 2 | BM4: =SUM(AI4:BL4) -> 10 | CS4: =SUM(BN4:CR4) -> 0 | CX4: 9 | DE4: 4 | DG4: 3 | DN4: 3 | DR4: 1 | DT4: 8 | DU4: 1 | DY4: =SUM(CT4:DX4) -> 29 | EC4: 2 | EF4: 3 | EI4: 3 | EJ4: 2 | EM4: 3 | EN4: 1 | FB4: 5 | FC4: 5 | FD4: =SUM(DZ4:FC4) -> 24 | FI4: 14 | GJ4: =SUM(FE4:GI4) -> 14 | HO4: =SUM(GK4:HN4) -> 0 | IT4: 128 | IU4: =SUM(HP4:IT4) -> 128 | IV4: =SUM(AH4,BM4,CS4,DY4,FD4,GJ4,HO4,IU4) -> 255
A5: Внесение нарядов в програмные комплексы | B5: шт. | C5: 50 | AH5: =SUM(C5:AG5) -> 50 | AL5: 2 | AM5: 2 | AS5: 6 | AT5: 2 | AZ5: 2 | BM5: =SUM(AI5:BL5) -> 14 | CS5: =SUM(BN5:CR5) -> 0 | CX5: 5 | CY5: 1 | DC5: 1 | DD5: 1 | DE5: 4 | DN5: 9 | DR5: 1 | DT5: 8 | DU5: 1 | DY5: =SUM(CT5:DX5) -> 31 | EC5: 4 | EF5: 3 | EG5: 3 | EI5: 3 | EJ5: 2 | EM5: 3 | EN5: 1 | FB5: 4 | FC5: 6 | FD5: =SUM(DZ5:FC5) -> 29 | GJ5: =SUM(FE5:GI5) -> 0 | HO5: =SUM(GK5:HN5) -> 0 | IT5: 129 | IU5: =SUM(HP5:IT5) -> 129 | IV5: =SUM(AH5,BM5,CS5,DY5,FD5,GJ5,HO5,IU5) -> 253
A6: Исправление замечаний в 7эг | B6: шт. | C6: 2 | AH6: =SUM(C6:AG6) -> 2 | AL6: 2 | AY6: 18 | AZ6: 1 | BM6: =SUM(AI6:BL6) -> 21 | BO6: 3 | BT6: 1 | BU6: 1 | BV6: 5 | CN6: 7 | CO6: 32 | CR6: 1 | CS6: =SUM(BN6:CR6) -> 50 | CZ6: 4 | DC6: 2 | DF6: 2 | DG6: 3 | DJ6: 3 | DL6: 5 | DN6: 3 | DQ6: 1 | DR6: 2 | DT6: 9 | DX6: 3 | DY6: =SUM(CT6:DX6) -> 37 | EB6: 3 | EM6: 2 | EN6: 2 | EP6: 1 | FB6: 1 | FD6: =SUM(DZ6:FC6) -> 9 | FE6: 2 | FI6: 1 | GJ6: =SUM(FE6:GI6) -> 3 | HO6: =SUM(GK6:HN6) -> 0 | IT6: 30 | IU6: =SUM(HP6:IT6) -> 30 | IV6: =SUM(AH6,BM6,CS6,DY6,FD6,GJ6,HO6,IU6) -> 152
A7: Исправление замечаний в МПК Панорама | B7: шт. | C7: 1 | AH7: =SUM(C7:AG7) -> 1 | AJ7: 1 | AL7: 3 | AS7: 1 | AX7: 2 | BM7: =SUM(AI7:BL7) -> 7 | BO7: 3 | BT7: 1 | BU7: 2 | BV7: 1 | CN7: 3 | CO7: 2 | CR7: 3 | CS7: =SUM(BN7:CR7) -> 15 | DC7: 2 | DE7: 1 | DF7: 2 | DG7: 2 | DJ7: 3 | DN7: 1 | DR7: 2 | DT7: 1 | DX7: 2 | DY7: =SUM(CT7:DX7) -> 16 | DZ7: 2 | EB7: 4 | EG7: 4 | EI7: 2 | EJ7: 2 | EM7: 4 | EN7: 1 | EP7: 1 | EQ7: 3 | FB7: 2 | FC7: 3 | FD7: =SUM(DZ7:FC7) -> 28 | FE7: 1 | FI7: 1 | GJ7: =SUM(FE7:GI7) -> 2 | HO7: =SUM(GK7:HN7) -> 0 | IT7: 31 | IU7: =SUM(HP7:IT7) -> 31 | IV7: =SUM(AH7,BM7,CS7,DY7,FD7,GJ7,HO7,IU7) -> 100
A8: Инвентаризация паспортов | B8: Арх. № (пунктов) | AH8: =SUM(C8:AG8) -> 0 | BM8: =SUM(AI8:BL8) -> 0 | CS8: =SUM(BN8:CR8) -> 0 | DY8: =SUM(CT8:DX8) -> 0 | FD8: =SUM(DZ8:FC8) -> 0 | GJ8: =SUM(FE8:GI8) -> 0 | HO8: =SUM(GK8:HN8) -> 0 | IT8: 5 | IU8: =SUM(HP8:IT8) -> 5 | IV8: =SUM(AH8,BM8,CS8,DY8,FD8,GJ8,HO8,IU8) -> 5
A9: Сканирование документации (листов) | B9: шт. | C9: 67 | AH9: =SUM(C9:AG9) -> 67 | AJ9: 8 | AK9: 20 | AL9: 7 | AM9: 11 | AP9: 11 | AQ9: 15 | AS9: 14 | AT9: 25 | AX9: 6 | AY9: 2 | BM9: =SUM(AI9:BL9) -> 119 | BO9: 17 | BT9: 11 | BV9: 4 | CN9: 16 | CO9: 22 | CQ9: 7 | CS9: =SUM(BN9:CR9) -> 77 | CX9: 3 | CY9: 5 | CZ9: 8 | DE9: 21 | DL9: 1 | DQ9: 11 | DT9: 6 | DY9: =SUM(CT9:DX9) -> 55 | EA9: 8 | EH9: 31 | EJ9: 9 | EM9: 4 | EN9: 4 | EP9: 14 | EQ9: 5 | FB9: 3 | FD9: =SUM(DZ9:FC9) -> 78 | FE9: 12 | FI9: 13 | GJ9: =SUM(FE9:GI9) -> 25 | HO9: =SUM(GK9:HN9) -> 0 | IT9: 433 | IU9: =SUM(HP9:IT9) -> 433 | IV9: =SUM(AH9,BM9,CS9,DY9,FD9,GJ9,HO9,IU9) -> 854
A10: Прикрепление файлов итд в 7 ЭГ | B10: шт. | C10: 146 | AH10: =SUM(C10:AG10) -> 146 | AJ10: 4 | AK10: 6 | AL10: 5 | AM10: 5 | AP10: 5 | AQ10: 7 | AS10: 6 | AT10: 14 | BM10: =SUM(AI10:BL10) -> 52 | BO10: 8 | BS10: 5 | BT10: 17 | BV10: 10 | CN10: 19 | CP10: 22 | CQ10: 15 | CS10: =SUM(BN10:CR10) -> 96 | CX10: 3 | CY10: 4 | CZ10: 9 | DE10: 1 | DL10: 2 | DN10: 15 | DQ10: 11 | DR10: 4 | DT10: 3 | DY10: =SUM(CT10:DX10) -> 52 | DZ10: 5 | EC10: 1 | EF10: 8 | EG10: 5 | EI10: 4 | EJ10: 35 | EM10: 1 | EN10: 7 | EP10: 14 | EQ10: 13 | FB10: 3 | FD10: =SUM(DZ10:FC10) -> 96 | FF10: 20 | FI10: 13 | GJ10: =SUM(FE10:GI10) -> 33 | HO10: =SUM(GK10:HN10) -> 0 | IT10: 409 | IU10: =SUM(HP10:IT10) -> 409 | IV10: =SUM(AH10,BM10,CS10,DY10,FD10,GJ10,HO10,IU10) -> 884
A11: Связь графика КПО с картой КПО | B11: шт. | C11: 4 | AH11: =SUM(C11:AG11) -> 4 | BM11: =SUM(AI11:BL11) -> 0 | BV11: 2 | CS11: =SUM(BN11:CR11) -> 2 | DJ11: 5 | DQ11: 1 | DY11: =SUM(CT11:DX11) -> 6 | FD11: =SUM(DZ11:FC11) -> 0 | GJ11: =SUM(FE11:GI11) -> 0 | HO11: =SUM(GK11:HN11) -> 0 | IT11: 220 | IU11: =SUM(HP11:IT11) -> 220 | IV11: =SUM(AH11,BM11,CS11,DY11,FD11,GJ11,HO11,IU11) -> 232
A12: Отрисовка фитингов в МПК Панорама | B12: шт. | C12: 2 | AH12: =SUM(C12:AG12) -> 2 | AM12: 1 | BM12: =SUM(AI12:BL12) -> 1 | CS12: =SUM(BN12:CR12) -> 0 | CX12: 5 | DD12: 1 | DE12: 2 | DY12: =SUM(CT12:DX12) -> 8 | EC12: 1 | EJ12: 1 | FD12: =SUM(DZ12:FC12) -> 2 | GJ12: =SUM(FE12:GI12) -> 0 | HO12: =SUM(GK12:HN12) -> 0 | IT12: 6 | IU12: =SUM(HP12:IT12) -> 6 | IV12: =SUM(AH12,BM12,CS12,DY12,FD12,GJ12,HO12,IU12) -> 19
A13: Нанесение подвалов в МПК "Панорама" | B13: шт. | AH13: =SUM(C13:AG13) -> 0 | AQ13: 3 | BM13: =SUM(AI13:BL13) -> 3 | CS13: =SUM(BN13:CR13) -> 0 | DY13: =SUM(CT13:DX13) -> 0 | FD13: =SUM(DZ13:FC13) -> 0 | GJ13: =SUM(FE13:GI13) -> 0 | HO13: =SUM(GK13:HN13) -> 0 | IT13: 156 | IU13: =SUM(HP13:IT13) -> 156 | IV13: =SUM(AH13,BM13,CS13,DY13,FD13,GJ13,HO13,IU13) -> 159
A14: Исправление ошибок по целостности газопроводов | B14: шт. | AH14: =SUM(C14:AG14) -> 0 | BM14: =SUM(AI14:BL14) -> 0 | CS14: =SUM(BN14:CR14) -> 0 | DY14: =SUM(CT14:DX14) -> 0 | FD14: =SUM(DZ14:FC14) -> 0 | GJ14: =SUM(FE14:GI14) -> 0 | HO14: =SUM(GK14:HN14) -> 0 | IT14: 108 | IU14: =SUM(HP14:IT14) -> 108 | IV14: =SUM(AH14,BM14,CS14,DY14,FD14,GJ14,HO14,IU14) -> 108
A15: Заполнение карточки на кран на газопроводе-вводе | B15: шт. | AH15: =SUM(C15:AG15) -> 0 | AJ15: 4 | AL15: 33 | AM15: 2 | AQ15: 24 | AR15: 12 | AT15: 4 | BM15: =SUM(AI15:BL15) -> 79 | CS15: =SUM(BN15:CR15) -> 0 | DN15: 4 | DY15: =SUM(CT15:DX15) -> 4 | EA15: 4 | EN15: 2 | EP15: 41 | FD15: =SUM(DZ15:FC15) -> 47 | GJ15: =SUM(FE15:GI15) -> 0 | HO15: =SUM(GK15:HN15) -> 0 | IT15: 750 | IU15: =SUM(HP15:IT15) -> 750 | IV15: =SUM(AH15,BM15,CS15,DY15,FD15,GJ15,HO15,IU15) -> 880
A16: Демонтаж газопроводов | B16: Арх. № (пунктов) | AH16: =SUM(C16:AG16) -> 0 | BM16: =SUM(AI16:BL16) -> 0 | CS16: =SUM(BN16:CR16) -> 0 | DY16: =SUM(CT16:DX16) -> 0 | FD16: =SUM(DZ16:FC16) -> 0 | GJ16: =SUM(FE16:GI16) -> 0 | HO16: =SUM(GK16:HN16) -> 0 | IU16: =SUM(HP16:IT16) -> 0 | IV16: =SUM(AH16,BM16,CS16,DY16,FD16,GJ16,HO16,IU16) -> 0
A17: Инвентаризация запорных устройств | B17: шт. | C17: 13 | AH17: =SUM(C17:AG17) -> 13 | AM17: 1 | BM17: =SUM(AI17:BL17) -> 1 | CR17: 1 | IV17: =SUM(AH17,BM17,CS17,DY17,FD17,GJ17,HO17,IU17) -> 14
A18: Иные работы | B18: шт. | C18: 98 | AH18: =SUM(C18:AG18) -> 98 | AJ18: 58 | AK18: 85 | AL18: 40 | AM18: 5 | AP18: 53 | AQ18: 32 | AS18: 10 | AT18: 18 | AW18: 15 | AX18: 25 | AZ18: 18 | BM18: =SUM(AI18:BL18) -> 359 | BS18: 2 | BT18: 15 | BU18: 28 | CR18: 60 | CS18: =SUM(BN18:CR18) -> 105 | CV18: 82 | CW18: 520 | CX18: 61 | CY18: 1 | CZ18: 321 | DF18: 9 | DG18: 2 | DL18: 206 | DM18: 594 | DY18: =SUM(CT18:DX18) -> 1796 | EA18: 9 | EI18: 11 | FD18: =SUM(DZ18:FC18) -> 20 | GJ18: =SUM(FE18:GI18) -> 0 | HO18: =SUM(GK18:HN18) -> 0 | IU18: =SUM(HP18:IT18) -> 0 | IV18: =SUM(AH18,BM18,CS18,DY18,FD18,GJ18,HO18,IU18) -> 2378
AH19: =SUM(C19:AG19) -> 0 | AQ19: таблички | AS19: таблички | AT19: таблички | AU19: таблички | AV19: таблички | AW19: таблички | AX19: таблички | BM19: =SUM(AI19:BL19) -> 0 | CY19: лесопросека | EI19: минскоблгаз
AH20: =SUM(C20:AG20) -> 0 | BM20: =SUM(AI20:BL20) -> 0
AH21: =SUM(C21:AG21) -> 0 | BM21: =SUM(AI21:BL21) -> 0
AH22: =SUM(C22:AG22) -> 0 | BM22: =SUM(AI22:BL22) -> 0
AH23: =SUM(C23:AG23) -> 0 | BM23: =SUM(AI23:BL23) -> 0
B86: Оформление эксплуатационного паспорта в ПК УРГ
B87: Инвентаризация объектов ПК УРГ
B88: Прикрепление файлов в ПК УРГ
B89: Сканирование документации в ПК УРГ

Sheet Савич
A1: Выполняемые работы | B1: Кол-во выполненной работы | C1: 46143 | D1: 46144 | E1: 46145 | F1: 46146 | G1: 46147 | H1: 46148 | I1: 46149 | J1: 46150 | K1: 46151 | L1: 46152 | M1: 46153 | N1: 46154 | O1: 46155 | P1: 46156 | Q1: 46157 | R1: 46158 | S1: 46159 | T1: 46160 | U1: 46161 | V1: 46162 | W1: 46163 | X1: 46164 | Y1: 46165 | Z1: 46166 | AA1: 46167 | AB1: 46168 | AC1: 46169 | AD1: 46170 | AE1: 46171 | AF1: 46172 | AG1: 46173 | AH1: Май | AI1: 46174 | AJ1: 46175 | AK1: 46176 | AL1: 46177 | AM1: 46178 | AN1: 46179 | AO1: 46180 | AP1: 46181 | AQ1: 46182 | AR1: 46183 | AS1: 46184 | AT1: 46185 | AU1: 46186 | AV1: 46187 | AW1: 46188 | AX1: 46189 | AY1: 46190 | AZ1: 46191 | BA1: 46192 | BB1: 46193 | BC1: 46194 | BD1: 46195 | BE1: 46196 | BF1: 46197 | BG1: 46198 | BH1: 46199 | BI1: 46200 | BJ1: 46201 | BK1: 46202 | BL1: 46203 | BM1: Июнь | BN1: 46204 | BO1: 46205 | BP1: 46206 | BQ1: 46207 | BR1: 46208 | BS1: 46209 | BT1: 46210 | BU1: 46211 | BV1: 46212 | BW1: 46213 | BX1: 46214 | BY1: 46215 | BZ1: 46216 | CA1: 46217 | CB1: 46218 | CC1: 46219 | CD1: 46220 | CE1: 46221 | CF1: 46222 | CG1: 46223 | CH1: 46224 | CI1: 46225 | CJ1: 46226 | CK1: 46227 | CL1: 46228 | CM1: 46229 | CN1: 46230 | CO1: 46231 | CP1: 46232 | CQ1: 46233 | CR1: 46234 | CS1: Июль | CT1: 46235 | CU1: 46236 | CV1: 46237 | CW1: 46238 | CX1: 46239 | CY1: 46240 | CZ1: 46241 | DA1: 46242 | DB1: 46243 | DC1: 46244 | DD1: 46245 | DE1: 46246 | DF1: 46247 | DG1: 46248 | DH1: 46249 | DI1: 46250 | DJ1: 46251 | DK1: 46252 | DL1: 46253 | DM1: 46254 | DN1: 46255 | DO1: 46256 | DP1: 46257 | DQ1: 46258 | DR1: 46259 | DS1: 46260 | DT1: 46261 | DU1: 46262 | DV1: 46263 | DW1: 46264 | DX1: 46265 | DY1: Август | DZ1: 46266 | EA1: 46267 | EB1: 46268 | EC1: 46269 | ED1: 46270 | EE1: 46271 | EF1: 46272 | EG1: 46273 | EH1: 46274 | EI1: 46275 | EJ1: 46276 | EK1: 46277 | EL1: 46278 | EM1: 46279 | EN1: 46280 | EO1: 46281 | EP1: 46282 | EQ1: 46283 | ER1: 46284 | ES1: 46285 | ET1: 46286 | EU1: 46287 | EV1: 46288 | EW1: 46289 | EX1: 46290 | EY1: 46291 | EZ1: 46292 | FA1: 46293 | FB1: 46294 | FC1: 46295 | FD1: Сентябрь | FE1: 46296 | FF1: 46297 | FG1: 46298 | FH1: 46299 | FI1: 46300 | FJ1: 46301 | FK1: 46302 | FL1: 46303 | FM1: 46304 | FN1: 46305 | FO1: 46306 | FP1: 46307 | FQ1: 46308 | FR1: 46309 | FS1: 46310 | FT1: 46311 | FU1: 46312 | FV1: 46313 | FW1: 46314 | FX1: 46315 | FY1: 46316 | FZ1: 46317 | GA1: 46318 | GB1: 46319 | GC1: 46320 | GD1: 46321 | GE1: 46322 | GF1: 46323 | GG1: 46324 | GH1: 46325 | GI1: 46326 | GJ1: Октябрь | GK1: 46327 | GL1: 46328 | GM1: 46329 | GN1: 46330 | GO1: 46331 | GP1: 46332 | GQ1: 46333 | GR1: 46334 | GS1: 46335 | GT1: 46336 | GU1: 46337 | GV1: 46338 | GW1: 46339 | GX1: 46340 | GY1: 46341 | GZ1: 46342 | HA1: 46343 | HB1: 46344 | HC1: 46345 | HD1: 46346 | HE1: 46347 | HF1: 46348 | HG1: 46349 | HH1: 46350 | HI1: 46351 | HJ1: 46352 | HK1: 46353 | HL1: 46354 | HM1: 46355 | HN1: 46356 | HO1: Ноябрь | HP1: 46357 | HQ1: 46358 | HR1: 46359 | HS1: 46360 | HT1: 46361 | HU1: 46362 | HV1: 46363 | HW1: 46364 | HX1: 46365 | HY1: 46366 | HZ1: 46367 | IA1: 46368 | IB1: 46369 | IC1: 46370 | ID1: 46371 | IE1: 46372 | IF1: 46373 | IG1: 46374 | IH1: 46375 | II1: 46376 | IJ1: 46377 | IK1: 46378 | IL1: 46379 | IM1: 46380 | IN1: 46381 | IO1: 46382 | IP1: 46383 | IQ1: 46384 | IR1: 46385 | IS1: 46386 | IT1: 46387 | IU1: Декабрь | IV1: Всё
A2: Создание нового объекта в АРМ "Наружные сети", МПК "Панорама", внесение графического изображения газопровода и смежных коммуникация, настройка связей, внесение электронного варианта ИТД | B2: м. | C2: 5014.29 | AH2: =SUM(C2:AG2) -> 5014.29 | AK2: 1 | AM2: 221.9 | AR2: 138.93 | AS2: 78.02 | AT2: 572.22 | AX2: 14.28 | BD2: 226.21 | BG2: 1539.43 | BH2: 212.08 | BL2: 87.87 | BM2: =SUM(AI2:BL2) -> 3091.94 | BN2: 1656.11 | BO2: 112.38 | BT2: 2 | BU2: 469.37 | CS2: =SUM(BN2:CR2) -> 2239.86 | CV2: 12.95 | CZ2: 93.86 | DD2: 19.37 | DG2: 831.95 | DK2: 161 | DL2: 30.93 | DR2: 252.17 | DX2: 19.81 | DY2: =SUM(CT2:DX2) -> 1422.04 | EB2: 38.29 | EG2: 58.83 | EM2: 99.88 | EO2: 620.68 | EP2: 365.37 | ET2: 64.03 | EU2: 124.14 | EW2: 708.47 | EX2: 10.89 | FB2: 83.69 | FD2: =SUM(DZ2:FC2) -> 2174.27 | FE2: 18.69 | GJ2: =SUM(FE2:GI2) -> 18.69 | HO2: =SUM(GK2:HN2) -> 0 | IT2: 1500 | IU2: =SUM(HP2:IT2) -> 1500 | IV2: =SUM(AH2,BM2,CS2,DY2,FD2,GJ2,HO2,IU2) -> 15461.09
A3: Внесение в 7эг, МПК "Панорама" актов на ликвидацию | B3: шт. | C3: 51 | AH3: =SUM(C3:AG3) -> 51 | AI3: 4 | AK3: 3 | AP3: 2 | AW3: 2 | BD3: 2 | BG3: 2 | BK3: 8 | BL3: 1 | BM3: =SUM(AI3:BL3) -> 24 | BN3: 3 | BO3: 1 | BS3: 1 | BT3: 2 | BU3: 2 | BV3: 8 | BW3: 4 | CS3: =SUM(BN3:CR3) -> 21 | CX3: 3 | CY3: 25 | CZ3: 2 | DC3: 2 | DD3: 1 | DE3: 2 | DF3: 1 | DG3: 1 | DJ3: 1 | DK3: 1 | DL3: 1 | DT3: 2 | DY3: =SUM(CT3:DX3) -> 42 | DZ3: 1 | EA3: 1 | EB3: 8 | EH3: 2 | EI3: 3 | EX3: 1 | FC3: 3 | FD3: =SUM(DZ3:FC3) -> 19 | GJ3: =SUM(FE3:GI3) -> 0 | HO3: =SUM(GK3:HN3) -> 0 | IT3: 51 | IU3: =SUM(HP3:IT3) -> 51 | IV3: =SUM(AH3,BM3,CS3,DY3,FD3,GJ3,HO3,IU3) -> 208
A4: Сканирование нарядов, размещение в электронный архив | B4: шт. | C4: 41 | AH4: =SUM(C4:AG4) -> 41 | AI4: 4 | AK4: 145. | AM4: 7 | AP4: 21 | AY4: 8 | AZ4: 2 | BE4: 8 | BF4: 1 | BG4: 13 | BH4: 1 | BK4: 15 | BM4: =SUM(AI4:BL4) -> 80 | BN4: 9 | BO4: 1 | BT4: 7 | BU4: 1 | BV4: 5 | BW4: 2 | CS4: =SUM(BN4:CR4) -> 25 | CV4: 2 | CW4: 10 | CX4: 5 | CY4: 10 | CZ4: 3 | DC4: 2 | DD4: 1 | DE4: 2 | DF4: 2 | DG4: 3 | DJ4: 1 | DK4: 6 | DL4: 8 | DT4: 1 | DU4: 4 | DY4: =SUM(CT4:DX4) -> 60 | DZ4: 2 | EA4: 8 | EB4: 8 | EH4: 3 | EI4: 4 | EJ4: 3 | EN4: 3 | EW4: 9 | EX4: 5 | FA4: 9 | FC4: 9 | FD4: =SUM(DZ4:FC4) -> 63 | FE4: 1 | GJ4: =SUM(FE4:GI4) -> 1 | HO4: =SUM(GK4:HN4) -> 0 | IT4: 128 | IU4: =SUM(HP4:IT4) -> 128 | IV4: =SUM(AH4,BM4,CS4,DY4,FD4,GJ4,HO4,IU4) -> 398
A5: Внесение нарядов в программные комплексы | B5: шт. | C5: 35 | AH5: =SUM(C5:AG5) -> 35 | AK5: 13 | AM5: 5 | AP5: 21 | AY5: 4 | AZ5: 2 | BE5: 5 | BF5: 1 | BG5: 7 | BH5: 1 | BK5: 15 | BM5: =SUM(AI5:BL5) -> 74 | BN5: 8 | BO5: 1 | BT5: 7 | BU5: 1 | BV5: 5 | BW5: 2 | CS5: =SUM(BN5:CR5) -> 24 | CV5: 2 | CW5: 10 | CX5: 5 | CY5: 10 | CZ5: 3 | DC5: 2 | DE5: 2 | DF5: 2 | DG5: 3 | DJ5: 1 | DK5: 4 | DL5: 8 | DT5: 1 | DU5: 4 | DY5: =SUM(CT5:DX5) -> 57 | DZ5: 1 | EA5: 8 | EB5: 3 | EH5: 3 | EI5: 14 | EJ5: 3 | EN5: 2 | EW5: 9 | EX5: 5 | FA5: 9 | FC5: 9 | FD5: =SUM(DZ5:FC5) -> 66 | FE5: 1 | GJ5: =SUM(FE5:GI5) -> 1 | HO5: =SUM(GK5:HN5) -> 0 | IT5: 129 | IU5: =SUM(HP5:IT5) -> 129 | IV5: =SUM(AH5,BM5,CS5,DY5,FD5,GJ5,HO5,IU5) -> 386
A6: Исправление замечаний в 7эг | B6: шт. | C6: 1 | AH6: =SUM(C6:AG6) -> 1 | AP6: 1 | AY6: 2 | BG6: 1 | BM6: =SUM(AI6:BL6) -> 4 | BO6: 2 | BT6: 2 | BU6: 5 | BV6: 6 | BW6: 5 | CS6: =SUM(BN6:CR6) -> 20 | CV6: 1 | CW6: 3 | CY6: 1 | CZ6: 1 | DC6: 2 | DM6: 2 | DQ6: 1 | DR6: 1 | DU6: 1 | DY6: =SUM(CT6:DX6) -> 13 | EJ6: 1 | FB6: 4 | FD6: =SUM(DZ6:FC6) -> 5 | GJ6: =SUM(FE6:GI6) -> 0 | HO6: =SUM(GK6:HN6) -> 0 | IT6: 30 | IU6: =SUM(HP6:IT6) -> 30 | IV6: =SUM(AH6,BM6,CS6,DY6,FD6,GJ6,HO6,IU6) -> 73
A7: Исправление замечаний в МПК Панорама | B7: шт. | C7: 7 | AH7: =SUM(C7:AG7) -> 7 | AI7: 2 | AK7: 5 | AP7: 1 | AS7: 1 | AW7: 2 | AX7: 2 | BE7: 1 | BG7: 3 | BH7: 1 | BM7: =SUM(AI7:BL7) -> 18 | BN7: 3 | BT7: 2 | BU7: 7 | BV7: 3 | BW7: 1 | CS7: =SUM(BN7:CR7) -> 16 | CV7: 1 | CW7: 3 | CY7: 2 | CZ7: 2 | DF7: 2 | DJ7: 1 | DQ7: 2 | DR7: 2 | DS7: 2 | DY7: =SUM(CT7:DX7) -> 17 | DZ7: 1 | EC7: 8 | EO7: 1 | EX7: 1 | FD7: =SUM(DZ7:FC7) -> 11 | GJ7: =SUM(FE7:GI7) -> 0 | HO7: =SUM(GK7:HN7) -> 0 | IT7: 31 | IU7: =SUM(HP7:IT7) -> 31 | IV7: =SUM(AH7,BM7,CS7,DY7,FD7,GJ7,HO7,IU7) -> 100
A8: Инвентаризация паспортов | B8: Арх. № (пунктов) | AH8: =SUM(C8:AG8) -> 0 | BM8: =SUM(AI8:BL8) -> 0 | CS8: =SUM(BN8:CR8) -> 0 | DT8: 3 | DY8: =SUM(CT8:DX8) -> 3 | FD8: =SUM(DZ8:FC8) -> 0 | GJ8: =SUM(FE8:GI8) -> 0 | HO8: =SUM(GK8:HN8) -> 0 | IT8: 5 | IU8: =SUM(HP8:IT8) -> 5 | IV8: =SUM(AH8,BM8,CS8,DY8,FD8,GJ8,HO8,IU8) -> 8
A9: Сканирование документации (листов) | B9: шт. | C9: 111 | AH9: =SUM(C9:AG9) -> 111 | AI9: 7 | AK9: 16 | AP9: 5 | AR9: 6 | AS9: 16 | AT9: 11 | AW9: 10 | AX9: 8 | AZ9: 31 | BA9: 2 | BD9: 4 | BF9: 17 | BG9: 5 | BH9: 11 | BL9: 13 | BM9: =SUM(AI9:BL9) -> 162 | BN9: 6 | BO9: 8 | BS9: 6 | BT9: 5 | BU9: 9 | BV9: 3 | BW9: 24 | CS9: =SUM(BN9:CR9) -> 61 | CV9: 14 | CW9: 12 | CY9: 13 | DG9: 22 | DK9: 13 | DL9: 4 | DQ9: 25 | DR9: 29 | DT9: 10 | DX9: 6 | DY9: =SUM(CT9:DX9) -> 148 | DZ9: 9 | EB9: 6 | EG9: 12 | EI9: 4 | EJ9: 4 | EM9: 6 | EO9: 8 | EP9: 12 | EQ9: 1 | ET9: 14 | EU9: 12 | EV9: 16 | EW9: 16 | FB9: 11 | FC9: 17 | FD9: =SUM(DZ9:FC9) -> 148 | FE9: 18 | FI9: 9 | GJ9: =SUM(FE9:GI9) -> 27 | HO9: =SUM(GK9:HN9) -> 0 | IT9: 433 | IU9: =SUM(HP9:IT9) -> 433 | IV9: =SUM(AH9,BM9,CS9,DY9,FD9,GJ9,HO9,IU9) -> 1090
A10: Прикрепление файлов итд в 7 ЭГ | B10: шт. | C10: 142 | AH10: =SUM(C10:AG10) -> 142 | AI10: 7 | AK10: 20 | AP10: 18 | AR10: 2 | AT10: 16 | AX10: 6 | AZ10: 19 | BA10: 2 | BD10: 7 | BG10: 13 | BH10: 27 | BM10: =SUM(AI10:BL10) -> 137 | BN10: 6 | BO10: 22 | BT10: 5 | BU10: 9 | BV10: 12 | BW10: 2 | CS10: =SUM(BN10:CR10) -> 56 | CV10: 4 | CW10: 12 | CX10: 6 | CZ10: 13 | DC10: 14 | DD10: 5 | DE10: 6 | DK10: 13 | DL10: 4 | DM10: 3 | DR10: 13 | DT10: 10 | DX10: 10 | DY10: =SUM(CT10:DX10) -> 113 | DZ10: 9 | EB10: 6 | EC10: 86 | EG10: 31 | EI10: 4 | EJ10: 4 | EN10: 12 | EQ10: 13 | ET10: 6 | EU10: 8 | EW10: 16 | EX10: 9 | FB10: 11 | FC10: 3 | FD10: =SUM(DZ10:FC10) -> 218 | GJ10: =SUM(FE10:GI10) -> 0 | HO10: =SUM(GK10:HN10) -> 0 | IT10: 409 | IU10: =SUM(HP10:IT10) -> 409 | IV10: =SUM(AH10,BM10,CS10,DY10,FD10,GJ10,HO10,IU10) -> 1075
A11: Связь графика КПО с картой КПО | B11: шт. | AH11: =SUM(C11:AG11) -> 0 | BM11: =SUM(AI11:BL11) -> 0 | CS11: =SUM(BN11:CR11) -> 0 | DY11: =SUM(CT11:DX11) -> 0 | FD11: =SUM(DZ11:FC11) -> 0 | GJ11: =SUM(FE11:GI11) -> 0 | HO11: =SUM(GK11:HN11) -> 0 | IT11: 220 | IU11: =SUM(HP11:IT11) -> 220 | IV11: =SUM(AH11,BM11,CS11,DY11,FD11,GJ11,HO11,IU11) -> 220
A12: Отрисовка фитингов в МПК Панорама | B12: шт. | AH12: =SUM(C12:AG12) -> 0 | BM12: =SUM(AI12:BL12) -> 0 | CS12: =SUM(BN12:CR12) -> 0 | DY12: =SUM(CT12:DX12) -> 0 | FD12: =SUM(DZ12:FC12) -> 0 | GJ12: =SUM(FE12:GI12) -> 0 | HO12: =SUM(GK12:HN12) -> 0 | IT12: 6 | IU12: =SUM(HP12:IT12) -> 6 | IV12: =SUM(AH12,BM12,CS12,DY12,FD12,GJ12,HO12,IU12) -> 6
A13: Нанесение подвалов в МПК "Панорама" | B13: шт. | AH13: =SUM(C13:AG13) -> 0 | BM13: =SUM(AI13:BL13) -> 0 | CS13: =SUM(BN13:CR13) -> 0 | DY13: =SUM(CT13:DX13) -> 0 | FD13: =SUM(DZ13:FC13) -> 0 | GJ13: =SUM(FE13:GI13) -> 0 | HO13: =SUM(GK13:HN13) -> 0 | IT13: 156 | IU13: =SUM(HP13:IT13) -> 156 | IV13: =SUM(AH13,BM13,CS13,DY13,FD13,GJ13,HO13,IU13) -> 156
A14: Исправление ошибок по целостности газопроводов | B14: шт. | D14: 1 | AH14: =SUM(C14:AG14) -> 1 | BM14: =SUM(AI14:BL14) -> 0 | CS14: =SUM(BN14:CR14) -> 0 | CV14: 1 | DM14: 12 | DU14: 49 | DX14: 1 | DY14: =SUM(CT14:DX14) -> 63 | FD14: =SUM(DZ14:FC14) -> 0 | GJ14: =SUM(FE14:GI14) -> 0 | HO14: =SUM(GK14:HN14) -> 0 | IT14: 108 | IU14: =SUM(HP14:IT14) -> 108 | IV14: =SUM(AH14,BM14,CS14,DY14,FD14,GJ14,HO14,IU14) -> 172
A15: Заполнение карточки на кран на газопроводе-вводе | B15: шт. | C15: 80 | AH15: =SUM(C15:AG15) -> 80 | AK15: 22 | BM15: =SUM(AI15:BL15) -> 22 | CS15: =SUM(BN15:CR15) -> 0 | CW15: 24 | CX15: 18 | CY15: 7 | DC15: 2 | DE15: 26 | DF15: 14 | DJ15: 29 | DM15: 53 | DN15: 36 | DT15: 38 | DX15: 29 | DY15: =SUM(CT15:DX15) -> 276 | EA15: 20 | EB15: 15 | EC15: 22 | EI15: 19 | EJ15: 5 | EN15: 111 | EO15: 77 | EP15: 89 | EQ15: 36 | FD15: =SUM(DZ15:FC15) -> 394 | GJ15: =SUM(FE15:GI15) -> 0 | HO15: =SUM(GK15:HN15) -> 0 | IT15: 750 | IU15: =SUM(HP15:IT15) -> 750 | IV15: =SUM(AH15,BM15,CS15,DY15,FD15,GJ15,HO15,IU15) -> 1522
A16: Демонтаж газопроводов | B16: Арх. № (пунктов) | AH16: =SUM(C16:AG16) -> 0 | BM16: =SUM(AI16:BL16) -> 0 | CS16: =SUM(BN16:CR16) -> 0 | DY16: =SUM(CT16:DX16) -> 0 | FD16: =SUM(DZ16:FC16) -> 0 | GJ16: =SUM(FE16:GI16) -> 0 | HO16: =SUM(GK16:HN16) -> 0 | IU16: =SUM(HP16:IT16) -> 0 | IV16: =SUM(AH16,BM16,CS16,DY16,FD16,GJ16,HO16,IU16) -> 0
A17: Инвентаризация запорных устройств | B17: шт. | C17: 26 | AH17: =SUM(C17:AG17) -> 26 | BM17: =SUM(AI17:BL17) -> 0 | BN17: 1 | CW17: 5 | CX17: 3 | DF17: 2 | DT17: 2 | IV17: =SUM(AH17,BM17,CS17,DY17,FD17,GJ17,HO17,IU17) -> 26
A18: Иные работы | B18: шт. | C18: 259 | AH18: =SUM(C18:AG18) -> 259 | AI18: 1 | AJ18: 1 | AK18: 1 | AQ18: 71 | AR18: 77 | AS18: 27 | AY18: 16 | AZ18: 35 | BA18: 50 | BD18: 23 | BE18: 36 | BL18: 10 | BM18: =SUM(AI18:BL18) -> 348 | BS18: 41 | BT18: 15 | BU18: 40 | BV18: 21 | BW18: 10 | CS18: =SUM(BN18:CR18) -> 127 | CV18: печать писем для Русак | DS18: 1 | DY18: =SUM(CT18:DX18) -> 1 | EC18: 1 | EG18: 1 | EH18: 1 | EI18: 1 | EM18: 1 | FA18: 1 | FB18: 1 | FC18: 1 | FD18: =SUM(DZ18:FC18) -> 8 | FI18: 1 | GJ18: =SUM(FE18:GI18) -> 1 | HO18: =SUM(GK18:HN18) -> 0 | IU18: =SUM(HP18:IT18) -> 0 | IV18: =SUM(AH18,BM18,CS18,DY18,FD18,GJ18,HO18,IU18) -> 744
AH19: =SUM(C19:AG19) -> 0 | AI19: ЗУ | AJ19: ЗУ | AK19: ЗУ | AQ19: таблички | AR19: таблички | AS19: таблички | AY19: таблички | AZ19: ЗУ | BA19: ЗУ | BD19: зу | BE19: зу | BF19: таблица для Жуковского | BL19: ЗУ | BM19: =SUM(AI19:BL19) -> 0 | BS19: ЗУ | BT19: ЗУ | BU19: Зу | BV19: Зу | BW19: Зу | FI19: реестр, проверка отрисовок
AH20: =SUM(C20:AG20) -> 0 | AR20: ТБЗ | BM20: =SUM(AI20:BL20) -> 0
AH21: =SUM(C21:AG21) -> 0 | BM21: =SUM(AI21:BL21) -> 0
AH22: =SUM(C22:AG22) -> 0 | BM22: =SUM(AI22:BL22) -> 0
AH23: =SUM(C23:AG23) -> 0 | BM23: =SUM(AI23:BL23) -> 0
B86: Оформление эксплуатационного паспорта в ПК УРГ
B87: Инвентаризация объектов ПК УРГ
B88: Прикрепление файлов в ПК УРГ
B89: Сканирование документации в ПК УРГ

Sheet Котик
A1: Выполняемые работы | B1: Кол-во выполненной работы | C1: 46143 | D1: 46144 | E1: 46145 | F1: 46146 | G1: 46147 | H1: 46148 | I1: 46149 | J1: 46150 | K1: 46151 | L1: 46152 | M1: 46153 | N1: 46154 | O1: 46155 | P1: 46156 | Q1: 46157 | R1: 46158 | S1: 46159 | T1: 46160 | U1: 46161 | V1: 46162 | W1: 46163 | X1: 46164 | Y1: 46165 | Z1: 46166 | AA1: 46167 | AB1: 46168 | AC1: 46169 | AD1: 46170 | AE1: 46171 | AF1: 46172 | AG1: 46173 | AH1: Май | AI1: 46174 | AJ1: 46175 | AK1: 46176 | AL1: 46177 | AM1: 46178 | AN1: 46179 | AO1: 46180 | AP1: 46181 | AQ1: 46182 | AR1: 46183 | AS1: 46184 | AT1: 46185 | AU1: 46186 | AV1: 46187 | AW1: 46188 | AX1: 46189 | AY1: 46190 | AZ1: 46191 | BA1: 46192 | BB1: 46193 | BC1: 46194 | BD1: 46195 | BE1: 46196 | BF1: 46197 | BG1: 46198 | BH1: 46199 | BI1: 46200 | BJ1: 46201 | BK1: 46202 | BL1: 46203 | BM1: Июнь | BN1: 46204 | BO1: 46205 | BP1: 46206 | BQ1: 46207 | BR1: 46208 | BS1: 46209 | BT1: 46210 | BU1: 46211 | BV1: 46212 | BW1: 46213 | BX1: 46214 | BY1: 46215 | BZ1: 46216 | CA1: 46217 | CB1: 46218 | CC1: 46219 | CD1: 46220 | CE1: 46221 | CF1: 46222 | CG1: 46223 | CH1: 46224 | CI1: 46225 | CJ1: 46226 | CK1: 46227 | CL1: 46228 | CM1: 46229 | CN1: 46230 | CO1: 46231 | CP1: 46232 | CQ1: 46233 | CR1: 46234 | CS1: Июль | CT1: 46235 | CU1: 46236 | CV1: 46237 | CW1: 46238 | CX1: 46239 | CY1: 46240 | CZ1: 46241 | DA1: 46242 | DB1: 46243 | DC1: 46244 | DD1: 46245 | DE1: 46246 | DF1: 46247 | DG1: 46248 | DH1: 46249 | DI1: 46250 | DJ1: 46251 | DK1: 46252 | DL1: 46253 | DM1: 46254 | DN1: 46255 | DO1: 46256 | DP1: 46257 | DQ1: 46258 | DR1: 46259 | DS1: 46260 | DT1: 46261 | DU1: 46262 | DV1: 46263 | DW1: 46264 | DX1: 46265 | DY1: Август | DZ1: 46266 | EA1: 46267 | EB1: 46268 | EC1: 46269 | ED1: 46270 | EE1: 46271 | EF1: 46272 | EG1: 46273 | EH1: 46274 | EI1: 46275 | EJ1: 46276 | EK1: 46277 | EL1: 46278 | EM1: 46279 | EN1: 46280 | EO1: 46281 | EP1: 46282 | EQ1: 46283 | ER1: 46284 | ES1: 46285 | ET1: 46286 | EU1: 46287 | EV1: 46288 | EW1: 46289 | EX1: 46290 | EY1: 46291 | EZ1: 46292 | FA1: 46293 | FB1: 46294 | FC1: 46295 | FD1: Сентябрь | FE1: 46296 | FF1: 46297 | FG1: 46298 | FH1: 46299 | FI1: 46300 | FJ1: 46301 | FK1: 46302 | FL1: 46303 | FM1: 46304 | FN1: 46305 | FO1: 46306 | FP1: 46307 | FQ1: 46308 | FR1: 46309 | FS1: 46310 | FT1: 46311 | FU1: 46312 | FV1: 46313 | FW1: 46314 | FX1: 46315 | FY1: 46316 | FZ1: 46317 | GA1: 46318 | GB1: 46319 | GC1: 46320 | GD1: 46321 | GE1: 46322 | GF1: 46323 | GG1: 46324 | GH1: 46325 | GI1: 46326 | GJ1: Октябрь | GK1: 46327 | GL1: 46328 | GM1: 46329 | GN1: 46330 | GO1: 46331 | GP1: 46332 | GQ1: 46333 | GR1: 46334 | GS1: 46335 | GT1: 46336 | GU1: 46337 | GV1: 46338 | GW1: 46339 | GX1: 46340 | GY1: 46341 | GZ1: 46342 | HA1: 46343 | HB1: 46344 | HC1: 46345 | HD1: 46346 | HE1: 46347 | HF1: 46348 | HG1: 46349 | HH1: 46350 | HI1: 46351 | HJ1: 46352 | HK1: 46353 | HL1: 46354 | HM1: 46355 | HN1: 46356 | HO1: Ноябрь | HP1: 46357 | HQ1: 46358 | HR1: 46359 | HS1: 46360 | HT1: 46361 | HU1: 46362 | HV1: 46363 | HW1: 46364 | HX1: 46365 | HY1: 46366 | HZ1: 46367 | IA1: 46368 | IB1: 46369 | IC1: 46370 | ID1: 46371 | IE1: 46372 | IF1: 46373 | IG1: 46374 | IH1: 46375 | II1: 46376 | IJ1: 46377 | IK1: 46378 | IL1: 46379 | IM1: 46380 | IN1: 46381 | IO1: 46382 | IP1: 46383 | IQ1: 46384 | IR1: 46385 | IS1: 46386 | IT1: 46387 | IU1: Декабрь | IV1: Всё
A2: Создание нового объекта в АРМ "Наружные сети", МПК "Панорама", внесение графического изображения газопровода и смежных коммуникация, настройка связей, внесение электронного варианта ИТД | B2: м. | AH2: =SUM(C2:AG2) -> 0 | ET2: 12.45 | EV2: 49.29 | EW2: 71.58 | EX2: 20.66 | FB2: 36.64 | FC2: 44.97 | FD2: =SUM(EC2:FC2) -> 235.59 | FE2: 110.23 | FI2: 82.88 | GJ2: =SUM(FE2:GI2) -> 193.11 | HO2: =SUM(GK2:HN2) -> 0 | IU2: =SUM(HP2:IT2) -> 0
A3: Внесение в 7эг, МПК "Панорама" актов на ликвидацию | B3: шт. | AH3: =SUM(C3:AG3) -> 0 | FD3: =SUM(EC3:FC3) -> 0 | GJ3: =SUM(FE3:GI3) -> 0 | HO3: =SUM(GK3:HN3) -> 0 | IU3: =SUM(HP3:IT3) -> 0
A4: Сканирование нарядов, размещение в электронный архив | B4: шт. | AH4: =SUM(C4:AG4) -> 0 | FA4: 8 | FD4: =SUM(EC4:FC4) -> 8 | GJ4: =SUM(FE4:GI4) -> 0 | HO4: =SUM(GK4:HN4) -> 0 | IU4: =SUM(HP4:IT4) -> 0
A5: Внесение нарядов в программные комплексы | B5: шт. | AH5: =SUM(C5:AG5) -> 0 | FA5: 8 | FD5: =SUM(EC5:FC5) -> 8 | GJ5: =SUM(FE5:GI5) -> 0 | HO5: =SUM(GK5:HN5) -> 0 | IU5: =SUM(HP5:IT5) -> 0
A6: Исправление замечаний в 7эг | B6: шт. | AH6: =SUM(C6:AG6) -> 0 | FD6: =SUM(EC6:FC6) -> 0 | GJ6: =SUM(FE6:GI6) -> 0 | HO6: =SUM(GK6:HN6) -> 0 | IU6: =SUM(HP6:IT6) -> 0
A7: Исправление замечаний в МПК Панорама | B7: шт. | AH7: =SUM(C7:AG7) -> 0 | FD7: =SUM(EC7:FC7) -> 0 | GJ7: =SUM(FE7:GI7) -> 0 | HO7: =SUM(GK7:HN7) -> 0 | IU7: =SUM(HP7:IT7) -> 0
A8: Инвентаризация паспортов | B8: Арх. № (пунктов) | AH8: =SUM(C8:AG8) -> 0 | FD8: =SUM(EC8:FC8) -> 0 | GJ8: =SUM(FE8:GI8) -> 0 | HO8: =SUM(GK8:HN8) -> 0 | IU8: =SUM(HP8:IT8) -> 0
A9: Сканирование документации (листов) | B9: шт. | AH9: =SUM(C9:AG9) -> 0 | EW9: 17 | FA9: 23 | FC9: 13 | FD9: =SUM(EC9:FC9) -> 53 | FE9: 22 | FF9: 15 | FI9: 15 | GJ9: =SUM(FE9:GI9) -> 52 | HO9: =SUM(GK9:HN9) -> 0 | IU9: =SUM(HP9:IT9) -> 0
A10: Прикрепление файлов итд в 7 ЭГ | B10: шт. | AH10: =SUM(C10:AG10) -> 0 | EW10: 6 | EX10: 3 | FB10: 5 | FC10: 16 | FD10: =SUM(EC10:FC10) -> 30 | FE10: 9 | FF10: 24 | FI10: 4 | GJ10: =SUM(FE10:GI10) -> 37 | HO10: =SUM(GK10:HN10) -> 0 | IU10: =SUM(HP10:IT10) -> 0
A11: Связь графика КПО с картой КПО | B11: шт. | AH11: =SUM(C11:AG11) -> 0 | FD11: =SUM(EC11:FC11) -> 0 | GJ11: =SUM(FE11:GI11) -> 0 | HO11: =SUM(GK11:HN11) -> 0 | IU11: =SUM(HP11:IT11) -> 0
A12: Отрисовка фитингов в МПК Панорама | B12: шт. | AH12: =SUM(C12:AG12) -> 0 | FD12: =SUM(EC12:FC12) -> 0 | GJ12: =SUM(FE12:GI12) -> 0 | HO12: =SUM(GK12:HN12) -> 0 | IU12: =SUM(HP12:IT12) -> 0
A13: Нанесение подвалов в МПК "Панорама" | B13: шт. | AH13: =SUM(C13:AG13) -> 0 | FD13: =SUM(EC13:FC13) -> 0 | GJ13: =SUM(FE13:GI13) -> 0 | HO13: =SUM(GK13:HN13) -> 0 | IU13: =SUM(HP13:IT13) -> 0
A14: Исправление ошибок по целостности газопроводов | B14: шт. | AH14: =SUM(C14:AG14) -> 0 | FD14: =SUM(EC14:FC14) -> 0 | GJ14: =SUM(FE14:GI14) -> 0 | HO14: =SUM(GK14:HN14) -> 0 | IU14: =SUM(HP14:IT14) -> 0
A15: Заполнение карточки на кран на газопроводе-вводе | B15: шт. | AH15: =SUM(C15:AG15) -> 0 | ET15: 19 | EU15: 57 | EV15: 2 | EW15: 21 | FA15: 13 | FC15: 13 | FD15: =SUM(EC15:FC15) -> 125 | FE15: 23 | FF15: 30 | FI15: 11 | GJ15: =SUM(FE15:GI15) -> 64 | HO15: =SUM(GK15:HN15) -> 0 | IU15: =SUM(HP15:IT15) -> 0
A16: Демонтаж газопроводов | B16: Арх. № (пунктов) | AH16: =SUM(C16:AG16) -> 0 | FD16: =SUM(EC16:FC16) -> 0 | GJ16: =SUM(FE16:GI16) -> 0 | HO16: =SUM(GK16:HN16) -> 0 | IU16: =SUM(HP16:IT16) -> 0
A17: Инвентаризация запорных устройств | B17: шт. | E17: 539.43 | AH17: =SUM(C17:AG17) -> 539.43 | FD17: =SUM(EC17:FC17) -> 0 | GJ17: =SUM(FE17:GI17) -> 0 | HO17: =SUM(GK17:HN17) -> 0 | IU17: =SUM(HP17:IT17) -> 0
A18: Иные работы | B18: шт. | C18: 153 | AH18: =SUM(C18:AG18) -> 153 | FC18: 19 | FD18: =SUM(EC18:FC18) -> 19 | FE18: 13 | FF18: 8 | GJ18: =SUM(FE18:GI18) -> 21 | HO18: =SUM(GK18:HN18) -> 0 | IU18: =SUM(HP18:IT18) -> 0
A19: Внесение вновь принятого объекта в ПК УРГ | B19: шт. | C19: 2 | AH19: =SUM(C19:AG19) -> 2 | FD19: =SUM(EC19:FC19) -> 0 | GJ19: =SUM(FE19:GI19) -> 0 | HO19: =SUM(GK19:HN19) -> 0 | IU19: =SUM(HP19:IT19) -> 0
A20: Оформление эксплуатационного паспорта в ПК УРГ | B20: шт. | C20: 2 | AH20: =SUM(C20:AG20) -> 2 | FD20: =SUM(EC20:FC20) -> 0 | GJ20: =SUM(FE20:GI20) -> 0 | HO20: =SUM(GK20:HN20) -> 0 | IU20: =SUM(HP20:IT20) -> 0
A21: Инвентаризация объектов ПК УРГ | B21: шт. | C21: 42 | AH21: =SUM(C21:AG21) -> 42 | FD21: =SUM(EC21:FC21) -> 0 | GJ21: =SUM(FE21:GI21) -> 0 | HO21: =SUM(GK21:HN21) -> 0 | IU21: =SUM(HP21:IT21) -> 0
A22: Прикрепление файлов в ПК УРГ | B22: шт. | C22: =46+99+213 -> 358 | AH22: =SUM(C22:AG22) -> 358 | FD22: =SUM(EC22:FC22) -> 0 | GJ22: =SUM(FE22:GI22) -> 0 | HO22: =SUM(GK22:HN22) -> 0 | IU22: =SUM(HP22:IT22) -> 0
A23: Сканирование документации в ПК УРГ | B23: шт. | C23: 45 | AH23: =SUM(C23:AG23) -> 45 | FD23: =SUM(EC23:FC23) -> 0 | GJ23: =SUM(FE23:GI23) -> 0 | HO23: =SUM(GK23:HN23) -> 0 | IU23: =SUM(HP23:IT23) -> 0
A24: Ликвидация неактуальной документации и фотоматериалов в ПК УРГ | B24: шт. | C24: 893 | AH24: =SUM(C24:AG24) -> 893 | FD24: =SUM(EC24:FC24) -> 0 | GJ24: =SUM(FE24:GI24) -> 0 | HO24: =SUM(GK24:HN24) -> 0 | IU24: =SUM(HP24:IT24) -> 0

Sheet Фурс
A1: Выполняемые работы | B1: Кол-во выполненной работы | C1: 46143 | D1: 46144 | E1: 46145 | F1: 46146 | G1: 46147 | H1: 46148 | I1: 46149 | J1: 46150 | K1: 46151 | L1: 46152 | M1: 46153 | N1: 46154 | O1: 46155 | P1: 46156 | Q1: 46157 | R1: 46158 | S1: 46159 | T1: 46160 | U1: 46161 | V1: 46162 | W1: 46163 | X1: 46164 | Y1: 46165 | Z1: 46166 | AA1: 46167 | AB1: 46168 | AC1: 46169 | AD1: 46170 | AE1: 46171 | AF1: 46172 | AG1: 46173 | AH1: Май | AI1: 46287 | AJ1: 46288 | AK1: 46289 | AL1: 46290 | AM1: 46291 | AN1: 46292 | AO1: 46293 | AP1: 46294 | AQ1: 46295 | AR1: Сентябрь | AS1: 46296 | AT1: 46297 | AU1: 46298 | AV1: 46299 | AW1: 46300 | AX1: 46301 | AY1: 46302 | AZ1: 46303 | BA1: 46304 | BB1: 46305 | BC1: 46306 | BD1: 46307 | BE1: 46308 | BF1: 46309 | BG1: 46310 | BH1: 46311 | BI1: 46312 | BJ1: 46313 | BK1: 46314 | BL1: 46315 | BM1: 46316 | BN1: 46317 | BO1: 46318 | BP1: 46319 | BQ1: 46320 | BR1: 46321 | BS1: 46322 | BT1: 46323 | BU1: 46324 | BV1: 46325 | BW1: 46326 | BX1: Октябрь | BY1: 46327 | BZ1: 46328 | CA1: 46329 | CB1: 46330 | CC1: 46331 | CD1: 46332 | CE1: 46333 | CF1: 46334 | CG1: 46335 | CH1: 46336 | CI1: 46337 | CJ1: 46338 | CK1: 46339 | CL1: 46340 | CM1: 46341 | CN1: 46342 | CO1: 46343 | CP1: 46344 | CQ1: 46345 | CR1: 46346 | CS1: 46347 | CT1: 46348 | CU1: 46349 | CV1: 46350 | CW1: 46351 | CX1: 46352 | CY1: 46353 | CZ1: 46354 | DA1: 46355 | DB1: 46356 | DC1: Ноябрь | DD1: 46357 | DE1: 46358 | DF1: 46359 | DG1: 46360 | DH1: 46361 | DI1: 46362 | DJ1: 46363 | DK1: 46364 | DL1: 46365 | DM1: 46366 | DN1: 46367 | DO1: 46368 | DP1: 46369 | DQ1: 46370 | DR1: 46371 | DS1: 46372 | DT1: 46373 | DU1: 46374 | DV1: 46375 | DW1: 46376 | DX1: 46377 | DY1: 46378 | DZ1: 46379 | EA1: 46380 | EB1: 46381 | EC1: 46382 | ED1: 46383 | EE1: 46384 | EF1: 46385 | EG1: 46386 | EH1: 46387 | EI1: Декабрь | EJ1: Всё
A2: Создание нового объекта в АРМ "Наружные сети", МПК "Панорама", внесение графического изображения газопровода и смежных коммуникация, настройка связей, внесение электронного варианта ИТД | B2: м. | AH2: =SUM(C2:AG2) -> 0 | AJ2: 1 | AK2: 24.2 | AL2: 14.11 | AO2: =12.25+14.16 -> 26.41 | AP2: 21.44 | AR2: =SUM(AI2:AQ2) -> 87.16 | AS2: 12.02 | AT2: 9.04 | AW2: =10.76+12.87 -> 23.63 | BX2: =SUM(AS2:BW2) -> 44.69 | DC2: =SUM(BY2:DB2) -> 0 | EI2: =SUM(DD2:EH2) -> 0
A3: Внесение в 7эг, МПК "Панорама" актов на ликвидацию | B3: шт. | AH3: =SUM(C3:AG3) -> 0 | AR3: =SUM(AI3:AQ3) -> 0 | BX3: =SUM(AS3:BW3) -> 0 | DC3: =SUM(BY3:DB3) -> 0 | EI3: =SUM(DD3:EH3) -> 0
A4: Сканирование нарядов, размещение в электронный архив | B4: шт. | AH4: =SUM(C4:AG4) -> 0 | AR4: =SUM(AI4:AQ4) -> 0 | BX4: =SUM(AS4:BW4) -> 0 | DC4: =SUM(BY4:DB4) -> 0 | EI4: =SUM(DD4:EH4) -> 0
A5: Внесение нарядов в программные комплексы | B5: шт. | AH5: =SUM(C5:AG5) -> 0 | AR5: =SUM(AI5:AQ5) -> 0 | BX5: =SUM(AS5:BW5) -> 0 | DC5: =SUM(BY5:DB5) -> 0 | EI5: =SUM(DD5:EH5) -> 0
A6: Исправление замечаний в 7эг | B6: шт. | AH6: =SUM(C6:AG6) -> 0 | AR6: =SUM(AI6:AQ6) -> 0 | BX6: =SUM(AS6:BW6) -> 0 | DC6: =SUM(BY6:DB6) -> 0 | EI6: =SUM(DD6:EH6) -> 0
A7: Исправление замечаний в МПК Панорама | B7: шт. | AH7: =SUM(C7:AG7) -> 0 | AR7: =SUM(AI7:AQ7) -> 0 | BX7: =SUM(AS7:BW7) -> 0 | DC7: =SUM(BY7:DB7) -> 0 | EI7: =SUM(DD7:EH7) -> 0
A8: Инвентаризация паспортов | B8: Арх. № (пунктов) | AH8: =SUM(C8:AG8) -> 0 | AR8: =SUM(AI8:AQ8) -> 0 | BX8: =SUM(AS8:BW8) -> 0 | DC8: =SUM(BY8:DB8) -> 0 | EI8: =SUM(DD8:EH8) -> 0
A9: Сканирование документации (листов) | B9: шт. | AH9: =SUM(C9:AG9) -> 0 | AK9: 5 | AL9: 5 | AO9: 10 | AP9: 5 | AR9: =SUM(AI9:AQ9) -> 25 | AS9: 5 | AT9: 5 | AW9: 11 | BX9: =SUM(AS9:BW9) -> 21 | DC9: =SUM(BY9:DB9) -> 0 | EI9: =SUM(DD9:EH9) -> 0
A10: Прикрепление файлов итд в 7 ЭГ | B10: шт. | AH10: =SUM(C10:AG10) -> 0 | AJ10: 3 | AK10: 3 | AL10: 3 | AO10: 6 | AP10: 3 | AR10: =SUM(AI10:AQ10) -> 18 | AS10: 3 | AT10: 3 | AW10: 5 | BX10: =SUM(AS10:BW10) -> 11 | DC10: =SUM(BY10:DB10) -> 0 | EI10: =SUM(DD10:EH10) -> 0
A11: Связь графика КПО с картой КПО | B11: шт. | AH11: =SUM(C11:AG11) -> 0 | AR11: =SUM(AI11:AQ11) -> 0 | BX11: =SUM(AS11:BW11) -> 0 | DC11: =SUM(BY11:DB11) -> 0 | EI11: =SUM(DD11:EH11) -> 0
A12: Отрисовка фитингов в МПК Панорама | B12: шт. | AH12: =SUM(C12:AG12) -> 0 | AJ12: + | AK12: + | AL12: + | AO12: + | AP12: + | AR12: =SUM(AI12:AQ12) -> 0 | BX12: =SUM(AS12:BW12) -> 0 | DC12: =SUM(BY12:DB12) -> 0 | EI12: =SUM(DD12:EH12) -> 0
A13: Нанесение подвалов в МПК "Панорама" | B13: шт. | AH13: =SUM(C13:AG13) -> 0 | AR13: =SUM(AI13:AQ13) -> 0 | BX13: =SUM(AS13:BW13) -> 0 | DC13: =SUM(BY13:DB13) -> 0 | EI13: =SUM(DD13:EH13) -> 0
A14: Исправление ошибок по целостности газопроводов | B14: шт. | AH14: =SUM(C14:AG14) -> 0 | AR14: =SUM(AI14:AQ14) -> 0 | BX14: =SUM(AS14:BW14) -> 0 | DC14: =SUM(BY14:DB14) -> 0 | EI14: =SUM(DD14:EH14) -> 0
A15: Заполнение карточки на кран на газопроводе-вводе | B15: шт. | AH15: =SUM(C15:AG15) -> 0 | AQ15: 25 | AR15: =SUM(AI15:AQ15) -> 25 | AS15: 12 | AT15: 9 | AW15: 3 | BX15: =SUM(AS15:BW15) -> 24 | DC15: =SUM(BY15:DB15) -> 0 | EI15: =SUM(DD15:EH15) -> 0
A16: Демонтаж газопроводов | B16: Арх. № (пунктов) | AH16: =SUM(C16:AG16) -> 0 | AR16: =SUM(AI16:AQ16) -> 0 | BX16: =SUM(AS16:BW16) -> 0 | DC16: =SUM(BY16:DB16) -> 0 | EI16: =SUM(DD16:EH16) -> 0
A17: Инвентаризация запорных устройств | B17: шт. | E17: 539.43 | AH17: =SUM(C17:AG17) -> 539.43 | AR17: =SUM(AI17:AQ17) -> 0 | BX17: =SUM(AS17:BW17) -> 0 | DC17: =SUM(BY17:DB17) -> 0 | EI17: =SUM(DD17:EH17) -> 0
A18: Иные работы | B18: шт. | C18: 153 | AH18: =SUM(C18:AG18) -> 153 | AR18: =SUM(AI18:AQ18) -> 0 | BX18: =SUM(AS18:BW18) -> 0 | DC18: =SUM(BY18:DB18) -> 0 | EI18: =SUM(DD18:EH18) -> 0
A19: Внесение вновь принятого объекта в ПК УРГ | B19: шт. | C19: 2 | AH19: =SUM(C19:AG19) -> 2 | AR19: =SUM(AI19:AQ19) -> 0 | BX19: =SUM(AS19:BW19) -> 0 | DC19: =SUM(BY19:DB19) -> 0 | EI19: =SUM(DD19:EH19) -> 0
A20: Оформление эксплуатационного паспорта в ПК УРГ | B20: шт. | C20: 2 | AH20: =SUM(C20:AG20) -> 2 | AR20: =SUM(AI20:AQ20) -> 0 | BX20: =SUM(AS20:BW20) -> 0 | DC20: =SUM(BY20:DB20) -> 0 | EI20: =SUM(DD20:EH20) -> 0
A21: Инвентаризация объектов ПК УРГ | B21: шт. | C21: 42 | AH21: =SUM(C21:AG21) -> 42 | AR21: =SUM(AI21:AQ21) -> 0 | BX21: =SUM(AS21:BW21) -> 0 | DC21: =SUM(BY21:DB21) -> 0 | EI21: =SUM(DD21:EH21) -> 0
A22: Прикрепление файлов в ПК УРГ | B22: шт. | C22: =46+99+213 -> 358 | AH22: =SUM(C22:AG22) -> 358 | AR22: =SUM(AI22:AQ22) -> 0 | BX22: =SUM(AS22:BW22) -> 0 | DC22: =SUM(BY22:DB22) -> 0 | EI22: =SUM(DD22:EH22) -> 0
A23: Сканирование документации в ПК УРГ | B23: шт. | C23: 45 | AH23: =SUM(C23:AG23) -> 45 | AR23: =SUM(AI23:AQ23) -> 0 | BX23: =SUM(AS23:BW23) -> 0 | DC23: =SUM(BY23:DB23) -> 0 | EI23: =SUM(DD23:EH23) -> 0
A24: Ликвидация неактуальной документации и фотоматериалов в ПК УРГ | B24: шт. | C24: 893 | AH24: =SUM(C24:AG24) -> 893 | AR24: =SUM(AI24:AQ24) -> 0 | BX24: =SUM(AS24:BW24) -> 0 | DC24: =SUM(BY24:DB24) -> 0 | EI24: =SUM(DD24:EH24) -> 0

Sheet Омельчук
A1: Выполняемые работы | B1: Кол-во выполненной работы | C1: 46143 | D1: 46144 | E1: 46145 | F1: 46146 | G1: 46147 | H1: 46148 | I1: 46149 | J1: 46150 | K1: 46151 | L1: 46152 | M1: 46153 | N1: 46154 | O1: 46155 | P1: 46156 | Q1: 46157 | R1: 46158 | S1: 46159 | T1: 46160 | U1: 46161 | V1: 46162 | W1: 46163 | X1: 46164 | Y1: 46165 | Z1: 46166 | AA1: 46167 | AB1: 46168 | AC1: 46169 | AD1: 46170 | AE1: 46171 | AF1: 46172 | AG1: 46173 | AH1: Май | AI1: 46174 | AJ1: 46175 | AK1: 46176 | AL1: 46177 | AM1: 46178 | AN1: 46179 | AO1: 46180 | AP1: 46181 | AQ1: 46182 | AR1: 46183 | AS1: 46184 | AT1: 46185 | AU1: 46186 | AV1: 46187 | AW1: 46188 | AX1: 46189 | AY1: 46190 | AZ1: 46191 | BA1: 46192 | BB1: 46193 | BC1: 46194 | BD1: 46195 | BE1: 46196 | BF1: 46197 | BG1: 46198 | BH1: 46199 | BI1: 46200 | BJ1: 46201 | BK1: 46202 | BL1: 46203 | BM1: Июнь | BN1: 46204 | BO1: 46205 | BP1: 46206 | BQ1: 46207 | BR1: 46208 | BS1: 46209 | BT1: 46210 | BU1: 46211 | BV1: 46212 | BW1: 46213 | BX1: 46214 | BY1: 46215 | BZ1: 46216 | CA1: 46217 | CB1: 46218 | CC1: 46219 | CD1: 46220 | CE1: 46221 | CF1: 46222 | CG1: 46223 | CH1: 46224 | CI1: 46225 | CJ1: 46226 | CK1: 46227 | CL1: 46228 | CM1: 46229 | CN1: 46230 | CO1: 46231 | CP1: 46232 | CQ1: 46233 | CR1: 46234 | CS1: Июль | CT1: 46235 | CU1: 46236 | CV1: 46237 | CW1: 46238 | CX1: 46239 | CY1: 46240 | CZ1: 46241 | DA1: 46242 | DB1: 46243 | DC1: 46244 | DD1: 46245 | DE1: 46246 | DF1: 46247 | DG1: 46248 | DH1: 46249 | DI1: 46250 | DJ1: 46251 | DK1: 46252 | DL1: 46253 | DM1: 46254 | DN1: 46255 | DO1: 46256 | DP1: 46257 | DQ1: 46258 | DR1: 46259 | DS1: 46260 | DT1: 46261 | DU1: 46262 | DV1: 46263 | DW1: 46264 | DX1: 46265 | DY1: Август | DZ1: 46266 | EA1: 46267 | EB1: 46268 | EC1: 46269 | ED1: 46270 | EE1: 46271 | EF1: 46272 | EG1: 46273 | EH1: 46274 | EI1: 46275 | EJ1: 46276 | EK1: 46277 | EL1: 46278 | EM1: 46279 | EN1: 46280 | EO1: 46281 | EP1: 46282 | EQ1: 46283 | ER1: 46284 | ES1: 46285 | ET1: 46286 | EU1: 46287 | EV1: 46288 | EW1: 46289 | EX1: 46290 | EY1: 46291 | EZ1: 46292 | FA1: 46293 | FB1: 46294 | FC1: 46295 | FD1: Сентябрь | FE1: 46296 | FF1: 46297 | FG1: 46298 | FH1: 46299 | FI1: 46300 | FJ1: 46301 | FK1: 46302 | FL1: 46303 | FM1: 46304 | FN1: 46305 | FO1: 46306 | FP1: 46307 | FQ1: 46308 | FR1: 46309 | FS1: 46310 | FT1: 46311 | FU1: 46312 | FV1: 46313 | FW1: 46314 | FX1: 46315 | FY1: 46316 | FZ1: 46317 | GA1: 46318 | GB1: 46319 | GC1: 46320 | GD1: 46321 | GE1: 46322 | GF1: 46323 | GG1: 46324 | GH1: 46325 | GI1: 46326 | GJ1: Октябрь | GK1: 46327 | GL1: 46328 | GM1: 46329 | GN1: 46330 | GO1: 46331 | GP1: 46332 | GQ1: 46333 | GR1: 46334 | GS1: 46335 | GT1: 46336 | GU1: 46337 | GV1: 46338 | GW1: 46339 | GX1: 46340 | GY1: 46341 | GZ1: 46342 | HA1: 46343 | HB1: 46344 | HC1: 46345 | HD1: 46346 | HE1: 46347 | HF1: 46348 | HG1: 46349 | HH1: 46350 | HI1: 46351 | HJ1: 46352 | HK1: 46353 | HL1: 46354 | HM1: 46355 | HN1: 46356 | HO1: Ноябрь | HP1: 46357 | HQ1: 46358 | HR1: 46359 | HS1: 46360 | HT1: 46361 | HU1: 46362 | HV1: 46363 | HW1: 46364 | HX1: 46365 | HY1: 46366 | HZ1: 46367 | IA1: 46368 | IB1: 46369 | IC1: 46370 | ID1: 46371 | IE1: 46372 | IF1: 46373 | IG1: 46374 | IH1: 46375 | II1: 46376 | IJ1: 46377 | IK1: 46378 | IL1: 46379 | IM1: 46380 | IN1: 46381 | IO1: 46382 | IP1: 46383 | IQ1: 46384 | IR1: 46385 | IS1: 46386 | IT1: 46387 | IU1: Декабрь | IV1: Всё
A2: Создание нового объекта в АРМ "Наружные сети", МПК "Панорама", внесение графического изображения газопровода и смежных коммуникация, настройка связей, внесение электронного варианта ИТД | B2: м. | AH2: =SUM(C2:AG2) -> 0 | BM2: =SUM(AI2:BL2) -> 0 | CS2: =SUM(BN2:CR2) -> 0 | DY2: =SUM(CT2:DX2) -> 0 | FD2: =SUM(DZ2:FC2) -> 0 | GJ2: =SUM(FE2:GI2) -> 0 | HO2: =SUM(GK2:HN2) -> 0 | IU2: =SUM(HP2:IT2) -> 0 | IV2: =SUM(AH2,BM2,CS2,DY2,FD2,GJ2,HO2,IU2) -> 0
A3: Внесение в 7эг, МПК "Панорама" актов на ликвидацию | B3: шт. | AH3: =SUM(C3:AG3) -> 0 | BM3: =SUM(AI3:BL3) -> 0 | CS3: =SUM(BN3:CR3) -> 0 | DY3: =SUM(CT3:DX3) -> 0 | FD3: =SUM(DZ3:FC3) -> 0 | GJ3: =SUM(FE3:GI3) -> 0 | HO3: =SUM(GK3:HN3) -> 0 | IU3: =SUM(HP3:IT3) -> 0 | IV3: =SUM(AH3,BM3,CS3,DY3,FD3,GJ3,HO3,IU3) -> 0
A4: Сканирование нарядов, размещение в электронный архив | B4: шт. | AH4: =SUM(C4:AG4) -> 0 | BM4: =SUM(AI4:BL4) -> 0 | CS4: =SUM(BN4:CR4) -> 0 | DY4: =SUM(CT4:DX4) -> 0 | FD4: =SUM(DZ4:FC4) -> 0 | GJ4: =SUM(FE4:GI4) -> 0 | HO4: =SUM(GK4:HN4) -> 0 | IU4: =SUM(HP4:IT4) -> 0 | IV4: =SUM(AH4,BM4,CS4,DY4,FD4,GJ4,HO4,IU4) -> 0
A5: Внесение нарядов в программные комплексы | B5: шт. | AH5: =SUM(C5:AG5) -> 0 | BM5: =SUM(AI5:BL5) -> 0 | CS5: =SUM(BN5:CR5) -> 0 | DY5: =SUM(CT5:DX5) -> 0 | FD5: =SUM(DZ5:FC5) -> 0 | GJ5: =SUM(FE5:GI5) -> 0 | HO5: =SUM(GK5:HN5) -> 0 | IU5: =SUM(HP5:IT5) -> 0 | IV5: =SUM(AH5,BM5,CS5,DY5,FD5,GJ5,HO5,IU5) -> 0
A6: Исправление замечаний в 7эг | B6: шт. | AH6: =SUM(C6:AG6) -> 0 | BM6: =SUM(AI6:BL6) -> 0 | CS6: =SUM(BN6:CR6) -> 0 | DY6: =SUM(CT6:DX6) -> 0 | FD6: =SUM(DZ6:FC6) -> 0 | GJ6: =SUM(FE6:GI6) -> 0 | HO6: =SUM(GK6:HN6) -> 0 | IU6: =SUM(HP6:IT6) -> 0 | IV6: =SUM(AH6,BM6,CS6,DY6,FD6,GJ6,HO6,IU6) -> 0
A7: Исправление замечаний в МПК Панорама | B7: шт. | AH7: =SUM(C7:AG7) -> 0 | BM7: =SUM(AI7:BL7) -> 0 | CS7: =SUM(BN7:CR7) -> 0 | DY7: =SUM(CT7:DX7) -> 0 | FD7: =SUM(DZ7:FC7) -> 0 | GJ7: =SUM(FE7:GI7) -> 0 | HO7: =SUM(GK7:HN7) -> 0 | IU7: =SUM(HP7:IT7) -> 0 | IV7: =SUM(AH7,BM7,CS7,DY7,FD7,GJ7,HO7,IU7) -> 0
A8: Инвентаризация паспортов | B8: Арх. № (пунктов) | AH8: =SUM(C8:AG8) -> 0 | BM8: =SUM(AI8:BL8) -> 0 | CS8: =SUM(BN8:CR8) -> 0 | DY8: =SUM(CT8:DX8) -> 0 | FD8: =SUM(DZ8:FC8) -> 0 | GJ8: =SUM(FE8:GI8) -> 0 | HO8: =SUM(GK8:HN8) -> 0 | IU8: =SUM(HP8:IT8) -> 0 | IV8: =SUM(AH8,BM8,CS8,DY8,FD8,GJ8,HO8,IU8) -> 0
A9: Сканирование документации (листов) | B9: шт. | AH9: =SUM(C9:AG9) -> 0 | BM9: =SUM(AI9:BL9) -> 0 | CS9: =SUM(BN9:CR9) -> 0 | DY9: =SUM(CT9:DX9) -> 0 | FD9: =SUM(DZ9:FC9) -> 0 | GJ9: =SUM(FE9:GI9) -> 0 | HO9: =SUM(GK9:HN9) -> 0 | IU9: =SUM(HP9:IT9) -> 0 | IV9: =SUM(AH9,BM9,CS9,DY9,FD9,GJ9,HO9,IU9) -> 0
A10: Прикрепление файлов итд в 7 ЭГ | B10: шт. | AH10: =SUM(C10:AG10) -> 0 | BM10: =SUM(AI10:BL10) -> 0 | CS10: =SUM(BN10:CR10) -> 0 | DY10: =SUM(CT10:DX10) -> 0 | FD10: =SUM(DZ10:FC10) -> 0 | GJ10: =SUM(FE10:GI10) -> 0 | HO10: =SUM(GK10:HN10) -> 0 | IU10: =SUM(HP10:IT10) -> 0 | IV10: =SUM(AH10,BM10,CS10,DY10,FD10,GJ10,HO10,IU10) -> 0
A11: Связь графика КПО с картой КПО | B11: шт. | AH11: =SUM(C11:AG11) -> 0 | BM11: =SUM(AI11:BL11) -> 0 | CS11: =SUM(BN11:CR11) -> 0 | DY11: =SUM(CT11:DX11) -> 0 | FD11: =SUM(DZ11:FC11) -> 0 | GJ11: =SUM(FE11:GI11) -> 0 | HO11: =SUM(GK11:HN11) -> 0 | IU11: =SUM(HP11:IT11) -> 0 | IV11: =SUM(AH11,BM11,CS11,DY11,FD11,GJ11,HO11,IU11) -> 0
A12: Отрисовка фитингов в МПК Панорама | B12: шт. | AH12: =SUM(C12:AG12) -> 0 | BM12: =SUM(AI12:BL12) -> 0 | CS12: =SUM(BN12:CR12) -> 0 | DY12: =SUM(CT12:DX12) -> 0 | FD12: =SUM(DZ12:FC12) -> 0 | GJ12: =SUM(FE12:GI12) -> 0 | HO12: =SUM(GK12:HN12) -> 0 | IU12: =SUM(HP12:IT12) -> 0 | IV12: =SUM(AH12,BM12,CS12,DY12,FD12,GJ12,HO12,IU12) -> 0
A13: Нанесение подвалов в МПК "Панорама" | B13: шт. | AH13: =SUM(C13:AG13) -> 0 | BM13: =SUM(AI13:BL13) -> 0 | CS13: =SUM(BN13:CR13) -> 0 | DY13: =SUM(CT13:DX13) -> 0 | FD13: =SUM(DZ13:FC13) -> 0 | GJ13: =SUM(FE13:GI13) -> 0 | HO13: =SUM(GK13:HN13) -> 0 | IU13: =SUM(HP13:IT13) -> 0 | IV13: =SUM(AH13,BM13,CS13,DY13,FD13,GJ13,HO13,IU13) -> 0
... A16: Демонтаж газопроводов | B16: Арх. № (пунктов) | AH16: =SUM(C16:AG16) -> 0 | BM16: =SUM(AI16:BL16) -> 0 | CS16: =SUM(BN16:CR16) -> 0 | DY16: =SUM(CT16:DX16) -> 0 | FD16: =SUM(DZ16:FC16) -> 0 | GJ16: =SUM(FE16:GI16) -> 0 | HO16: =SUM(GK16:HN16) -> 0 | IU16: =SUM(HP16:IT16) -> 0 | IV16: =SUM(AH16,BM16,CS16,DY16,FD16,GJ16,HO16,IU16) -> 0
A17: Инвентаризация запорных устройств | B17: шт. | E17: 539.43 | AH17: =SUM(C17:AG17) -> 539.43 | BM17: =SUM(AI17:BL17) -> 0 | IV17: =SUM(AH17,BM17,CS17,DY17,FD17,GJ17,HO17,IU17) -> 539.43
A18: Иные работы | B18: шт. | C18: 153 | AH18: =SUM(C18:AG18) -> 153 | AI18: 37 | AJ18: 240 | AK18: 20 | AL18: 80 | BM18: =SUM(AI18:BL18) -> 377 | BN18: 800 | CS18: =SUM(BN18:CR18) -> 800 | CU18: 70 | DY18: =SUM(CT18:DX18) -> 70 | FC18: 1685 | FD18: =SUM(DZ18:FC18) -> 1685 | GJ18: =SUM(FE18:GI18) -> 0 | HO18: =SUM(GK18:HN18) -> 0 | IU18: =SUM(HP18:IT18) -> 0 | IV18: =SUM(AH18,BM18,CS18,DY18,FD18,GJ18,HO18,IU18) -> 3085
A19: Внесение вновь принятого объекта в ПК УРГ | B19: шт. | C19: 2 | AH19: =SUM(C19:AG19) -> 2 | AI19: 2 | AJ19: 3 | BM19: =SUM(AI19:BL19) -> 5 | BN19: 2 | CS19: =SUM(BN19:CR19) -> 2 | CU19: 4 | DY19: =SUM(CT19:DX19) -> 4 | FD19: =SUM(DZ19:FC19) -> 0 | GJ19: =SUM(FE19:GI19) -> 0 | HO19: =SUM(GK19:HN19) -> 0 | IT19: 6 | IU19: =SUM(HP19:IT19) -> 6 | IV19: =SUM(AH19,BM19,CS19,DY19,FD19,GJ19,HO19,IU19) -> 19
A20: Оформление эксплуатационного паспорта в ПК УРГ | B20: шт. | C20: 2 | AH20: =SUM(C20:AG20) -> 2 | AI20: 2 | AJ20: 2 | BM20: =SUM(AI20:BL20) -> 4 | BN20: 2 | CS20: =SUM(BN20:CR20) -> 2 | CU20: 4 | DY20: =SUM(CT20:DX20) -> 4 | FD20: =SUM(DZ20:FC20) -> 0 | GJ20: =SUM(FE20:GI20) -> 0 | HO20: =SUM(GK20:HN20) -> 0 | IT20: 6 | IU20: =SUM(HP20:IT20) -> 6 | IV20: =SUM(AH20,BM20,CS20,DY20,FD20,GJ20,HO20,IU20) -> 18
A21: Инвентаризация объектов ПК УРГ | B21: шт. | C21: 42 | AH21: =SUM(C21:AG21) -> 42 | AI21: 15 | AJ21: 15 | BM21: =SUM(AI21:BL21) -> 30 | BN21: 2 | CS21: =SUM(BN21:CR21) -> 2 | CU21: 5 | DY21: =SUM(CT21:DX21) -> 5 | FD21: =SUM(DZ21:FC21) -> 0 | GJ21: =SUM(FE21:GI21) -> 0 | HO21: =SUM(GK21:HN21) -> 0 | IT21: 141 | IU21: =SUM(HP21:IT21) -> 141 | IV21: =SUM(AH21,BM21,CS21,DY21,FD21,GJ21,HO21,IU21) -> 220
A22: Прикрепление файлов в ПК УРГ | B22: шт. | C22: =46+99+213 -> 358 | AH22: =SUM(C22:AG22) -> 358 | AI22: =46+36+5 -> 87 | AJ22: 102 | AK22: 5 | AL22: 9 | AM22: 8 | AN22: 53 | AO22: 22 | AP22: 11 | AQ22: 9 | AR22: 4 | AS22: 12 | AT22: 11 | BM22: =SUM(AI22:BL22) -> 333 | BN22: 242 | CS22: =SUM(BN22:CR22) -> 242 | CU22: =36+10+26+29+14+9+6+9+6+16+18+4+3+7+1+9+6+3+2+13+1+2+5+3 -> 238 | DY22: =SUM(CT22:DX22) -> 238 | FD22: =SUM(DZ22:FC22) -> 0 | GJ22: =SUM(FE22:GI22) -> 0 | HO22: =SUM(GK22:HN22) -> 0 | IT22: 839 | IU22: =SUM(HP22:IT22) -> 839 | IV22: =SUM(AH22,BM22,CS22,DY22,FD22,GJ22,HO22,IU22) -> 2010
A23: Сканирование документации в ПК УРГ | B23: шт. | C23: 45 | AH23: =SUM(C23:AG23) -> 45 | AI23: 1 | AJ23: 4 | BM23: =SUM(AI23:BL23) -> 5 | BN23: 4 | CS23: =SUM(BN23:CR23) -> 4 | CU23: 2 | DY23: =SUM(CT23:DX23) -> 2 | FD23: =SUM(DZ23:FC23) -> 0 | GJ23: =SUM(FE23:GI23) -> 0 | HO23: =SUM(GK23:HN23) -> 0 | IT23: 20 | IU23: =SUM(HP23:IT23) -> 20 | IV23: =SUM(AH23,BM23,CS23,DY23,FD23,GJ23,HO23,IU23) -> 76
A24: Ликвидация неактуальной документации и фотоматериалов в ПК УРГ | B24: шт. | C24: 893 | AH24: =SUM(C24:AG24) -> 893 | AI24: 1054 | AJ24: 1540 | AK24: 1287 | AL24: 1129 | BM24: =SUM(AI24:BL24) -> 5010 | BN24: 4600 | CS24: =SUM(BN24:CR24) -> 4600 | CU24: 2300 | DY24: =SUM(CT24:DX24) -> 2300 | FD24: =SUM(DZ24:FC24) -> 0 | GJ24: =SUM(FE24:GI24) -> 0 | HO24: =SUM(GK24:HN24) -> 0 | IU24: =SUM(HP24:IT24) -> 0 | IV24: =SUM(AH24,BM24,CS24,DY24,FD24,GJ24,HO24,IU24) -> 12803
AT26: 22,06,2026

Sheet Отчёт
A1: Отчет по выполненной работе в программных комплексах 7ЭГ, МПК "Панорама", ПК "УРГ" за | O1: =AA3 -> Сентябрь | Q1: =YEAR('Омельчук'!C1:AG1) -> 2026 | R1: г.
A2: Выполняемые работы | B2: Кол-во выполненной работы | C2: По количеству | N2: Норма времени | O2: По времени | Y2: Итого
C3: Городинский | D3: Горох | E3: Градусова | F3: Ксеневич | G3: Кошель | H3: Новик | I3: Савич | J3: Котик | K3: Фурс | L3: Омельчук | M3: Общее | O3: Городинский | P3: Горох | Q3: Градусова | R3: Ксеневич | S3: Кошель | T3: Новик | U3: Савич | V3: Котик | W3: Фурс | X3: Омельчук | AA3: Сентябрь
A4: Создание нового объекта в АРМ "Наружные сети", МПК "Панорама", внесение графического изображения газопровода и смежных коммуникация, настройка связей, внесение электронного варианта ИТД | B4: м. | C4: =INDEX('Городинский'!A2:IV2,MATCH($AA$3,'Городинский'!$A$1:$IV$1,0)) -> 290.22 | D4: =INDEX('Горох'!A2:IV2,MATCH($AA$3,'Горох'!$A$1:$IV$1,0)) -> 1713.99 | E4: =INDEX('Градусова'!A2:IV2,MATCH($AA$3,'Градусова'!$A$1:$IV$1,0)) -> 943.58 | F4: =INDEX('Ксеневич'!A2:IV2,MATCH($AA$3,'Ксеневич'!$A$1:$IV$1,0)) -> 406.42 | G4: =INDEX('Кошель'!A2:IV2,MATCH($AA$3,'Кошель'!$A$1:$IV$1,0)) -> 0 | H4: =INDEX('Новик'!A2:IV2,MATCH($AA$3,'Новик'!$A$1:$IV$1,0)) -> 3192.49 | I4: =INDEX('Савич'!A2:IV2,MATCH($AA$3,'Савич'!$A$1:$IV$1,0)) -> 2174.27 | J4: =INDEX('Котик'!A2:IV2,MATCH($AA$3,'Котик'!$A$1:$IV$1,0)) -> 235.59 | K4: =INDEX('Фурс'!A2:EJ2,MATCH($AA$3,'Фурс'!$A$1:$EJ$1,0)) -> 87.16 | L4: =INDEX('Омельчук'!A2:IV2,MATCH($AA$3,'Омельчук'!$A$1:$IV$1,0)) -> 0 | M4: =SUM(C4:L4) -> 9043.72 | N4: 0.133 | O4: =C4*N4 -> 38.59926 | P4: =D4*N4 -> 227.96067 | Q4: =E4*N4 -> 125.49614 | R4: =F4*N4 -> 54.05386 | S4: =G4*N4 -> 0 | T4: =H4*N4 -> 424.60117 | U4: =I4*N4 -> 289.17791 | V4: =J4*N4 -> 31.33347 | W4: =K4*N4 -> 11.59228 | X4: =L4*N4 -> 0 | Y4: =SUM(O4:X4) -> 1202.8148
A5: Внесение в 7эг, МПК "Панорама" актов на ликвидацию | B5: шт. | C5: =INDEX('Городинский'!A3:IV3,MATCH($AA$3,'Городинский'!$A$1:$IV$1,0)) -> 0 | D5: =INDEX('Горох'!A3:IV3,MATCH($AA$3,'Горох'!$A$1:$IV$1,0)) -> 4 | E5: =INDEX('Градусова'!A3:IV3,MATCH($AA$3,'Градусова'!$A$1:$IV$1,0)) -> 8 | F5: =INDEX('Ксеневич'!A3:IV3,MATCH($AA$3,'Ксеневич'!$A$1:$IV$1,0)) -> 5 | G5: =INDEX('Кошель'!A3:IV3,MATCH($AA$3,'Кошель'!$A$1:$IV$1,0)) -> 0 | H5: =INDEX('Новик'!A3:IV3,MATCH($AA$3,'Новик'!$A$1:$IV$1,0)) -> 9 | I5: =INDEX('Савич'!A3:IV3,MATCH($AA$3,'Савич'!$A$1:$IV$1,0)) -> 19 | J5: =INDEX('Котик'!A3:IV3,MATCH($AA$3,'Котик'!$A$1:$IV$1,0)) -> 0 | K5: =INDEX('Фурс'!A3:EJ3,MATCH($AA$3,'Фурс'!$A$1:$EJ$1,0)) -> 0 | L5: =INDEX('Омельчук'!A3:IV3,MATCH($AA$3,'Омельчук'!$A$1:$IV$1,0)) -> 0 | M5: =SUM(C5:L5) -> 45 | N5: 0.42 | O5: =C5*N5 -> 0 | P5: =D5*N5 -> 1.68 | Q5: =E5*N5 -> 3.36 | R5: =F5*N5 -> 2.1 | S5: =G5*N5 -> 0 | T5: =H5*N5 -> 3.78 | U5: =I5*N5 -> 7.98 | V5: =J5*N5 -> 0 | W5: =K5*N5 -> 0 | X5: =L5*N5 -> 0 | Y5: =SUM(O5:X5) -> 18.9
A6: Сканирование нарядов, размещение в электронный архив | B6: шт. | C6: =INDEX('Городинский'!A4:IV4,MATCH($AA$3,'Городинский'!$A$1:$IV$1,0)) -> 0 | D6: =INDEX('Горох'!A4:IV4,MATCH($AA$3,'Горох'!$A$1:$IV$1,0)) -> 42 | E6: =INDEX('Градусова'!A4:IV4,MATCH($AA$3,'Градусова'!$A$1:$IV$1,0)) -> 24 | F6: =INDEX('Ксеневич'!A4:IV4,MATCH($AA$3,'Ксеневич'!$A$1:$IV$1,0)) -> 70 | G6: =INDEX('Кошель'!A4:IV4,MATCH($AA$3,'Кошель'!$A$1:$IV$1,0)) -> 0 | H6: =INDEX('Новик'!A4:IV4,MATCH($AA$3,'Новик'!$A$1:$IV$1,0)) -> 24 | I6: =INDEX('Савич'!A4:IV4,MATCH($AA$3,'Савич'!$A$1:$IV$1,0)) -> 63 | J6: =INDEX('Котик'!A4:IV4,MATCH($AA$3,'Котик'!$A$1:$IV$1,0)) -> 8 | K6: =INDEX('Фурс'!A4:EJ4,MATCH($AA$3,'Фурс'!$A$1:$EJ$1,0)) -> 0 | L6: =INDEX('Омельчук'!A4:IV4,MATCH($AA$3,'Омельчук'!$A$1:$IV$1,0)) -> 0 | M6: =SUM(C6:L6) -> 231 | N6: 0.02 | O6: =C6*N6 -> 0 | P6: =D6*N6 -> 0.84 | Q6: =E6*N6 -> 0.48 | R6: =F6*N6 -> 1.4 | S6: =G6*N6 -> 0 | T6: =H6*N6 -> 0.48 | U6: =I6*N6 -> 1.26 | V6: =J6*N6 -> 0.16 | W6: =K6*N6 -> 0 | X6: =L6*N6 -> 0 | Y6: =SUM(O6:X6) -> 4.62
A7: Внесение нарядов в программные комплексы | B7: шт. | C7: =INDEX('Городинский'!A5:IV5,MATCH($AA$3,'Городинский'!$A$1:$IV$1,0)) -> 0 | D7: =INDEX('Горох'!A5:IV5,MATCH($AA$3,'Горох'!$A$1:$IV$1,0)) -> 41 | E7: =INDEX('Градусова'!A5:IV5,MATCH($AA$3,'Градусова'!$A$1:$IV$1,0)) -> 31 | F7: =INDEX('Ксеневич'!A5:IV5,MATCH($AA$3,'Ксеневич'!$A$1:$IV$1,0)) -> 56 | G7: =INDEX('Кошель'!A5:IV5,MATCH($AA$3,'Кошель'!$A$1:$IV$1,0)) -> 0 | H7: =INDEX('Новик'!A5:IV5,MATCH($AA$3,'Новик'!$A$1:$IV$1,0)) -> 29 | I7: =INDEX('Савич'!A5:IV5,MATCH($AA$3,'Савич'!$A$1:$IV$1,0)) -> 66 | J7: =INDEX('Котик'!A5:IV5,MATCH($AA$3,'Котик'!$A$1:$IV$1,0)) -> 8 | K7: =INDEX('Фурс'!A5:EJ5,MATCH($AA$3,'Фурс'!$A$1:$EJ$1,0)) -> 0 | L7: =INDEX('Омельчук'!A5:IV5,MATCH($AA$3,'Омельчук'!$A$1:$IV$1,0)) -> 0 | M7: =SUM(C7:L7) -> 231 | N7: 0.37 | O7: =C7*N7 -> 0 | P7: =D7*N7 -> 15.17 | Q7: =E7*N7 -> 11.47 | R7: =F7*N7 -> 20.72 | S7: =G7*N7 -> 0 | T7: =H7*N7 -> 10.73 | U7: =I7*N7 -> 24.42 | V7: =J7*N7 -> 2.96 | W7: =K7*N7 -> 0 | X7: =L7*N7 -> 0 | Y7: =SUM(O7:X7) -> 85.47
A8: Исправление замечаний в 7эг | B8: шт. | C8: =INDEX('Городинский'!A6:IV6,MATCH($AA$3,'Городинский'!$A$1:$IV$1,0)) -> 0 | D8: =INDEX('Горох'!A6:IV6,MATCH($AA$3,'Горох'!$A$1:$IV$1,0)) -> 1 | E8: =INDEX('Градусова'!A6:IV6,MATCH($AA$3,'Градусова'!$A$1:$IV$1,0)) -> 11 | F8: =INDEX('Ксеневич'!A6:IV6,MATCH($AA$3,'Ксеневич'!$A$1:$IV$1,0)) -> 1 | G8: =INDEX('Кошель'!A6:IV6,MATCH($AA$3,'Кошель'!$A$1:$IV$1,0)) -> 0 | H8: =INDEX('Новик'!A6:IV6,MATCH($AA$3,'Новик'!$A$1:$IV$1,0)) -> 9 | I8: =INDEX('Савич'!A6:IV6,MATCH($AA$3,'Савич'!$A$1:$IV$1,0)) -> 5 | J8: =INDEX('Котик'!A6:IV6,MATCH($AA$3,'Котик'!$A$1:$IV$1,0)) -> 0 | K8: =INDEX('Фурс'!A6:EJ6,MATCH($AA$3,'Фурс'!$A$1:$EJ$1,0)) -> 0 | L8: =INDEX('Омельчук'!A6:IV6,MATCH($AA$3,'Омельчук'!$A$1:$IV$1,0)) -> 0 | M8: =SUM(C8:L8) -> 27 | N8: 0.67 | O8: =C8*N8 -> 0 | P8: =D8*N8 -> 0.67 | Q8: =E8*N8 -> 7.37 | R8: =F8*N8 -> 0.67 | S8: =G8*N8 -> 0 | T8: =H8*N8 -> 6.03 | U8: =I8*N8 -> 3.35 | V8: =J8*N8 -> 0 | W8: =K8*N8 -> 0 | X8: =L8*N8 -> 0 | Y8: =SUM(O8:X8) -> 18.09
A9: Исправление замечаний в МПК Панорама | B9: шт. | C9: =INDEX('Городинский'!A7:IV7,MATCH($AA$3,'Городинский'!$A$1:$IV$1,0)) -> 0 | D9: =INDEX('Горох'!A7:IV7,MATCH($AA$3,'Горох'!$A$1:$IV$1,0)) -> 17 | E9: =INDEX('Градусова'!A7:IV7,MATCH($AA$3,'Градусова'!$A$1:$IV$1,0)) -> 15 | F9: =INDEX('Ксеневич'!A7:IV7,MATCH($AA$3,'Ксеневич'!$A$1:$IV$1,0)) -> 2 | G9: =INDEX('Кошель'!A7:IV7,MATCH($AA$3,'Кошель'!$A$1:$IV$1,0)) -> 0 | H9: =INDEX('Новик'!A7:IV7,MATCH($AA$3,'Новик'!$A$1:$IV$1,0)) -> 28 | I9: =INDEX('Савич'!A7:IV7,MATCH($AA$3,'Савич'!$A$1:$IV$1,0)) -> 11 | J9: =INDEX('Котик'!A7:IV7,MATCH($AA$3,'Котик'!$A$1:$IV$1,0)) -> 0 | K9: =INDEX('Фурс'!A7:EJ7,MATCH($AA$3,'Фурс'!$A$1:$EJ$1,0)) -> 0 | L9: =INDEX('Омельчук'!A7:IV7,MATCH($AA$3,'Омельчук'!$A$1:$IV$1,0)) -> 0 | M9: =SUM(C9:L9) -> 73 | N9: 0.2 | O9: =C9*N9 -> 0 | P9: =D9*N9 -> 3.4 | Q9: =E9*N9 -> 3 | R9: =F9*N9 -> 0.4 | S9: =G9*N9 -> 0 | T9: =H9*N9 -> 5.6 | U9: =I9*N9 -> 2.2 | V9: =J9*N9 -> 0 | W9: =K9*N9 -> 0 | X9: =L9*N9 -> 0 | Y9: =SUM(O9:X9) -> 14.6
A10: Инвентаризация паспортов | B10: Арх. № (пунктов) | C10: =INDEX('Городинский'!A8:IV8,MATCH($AA$3,'Городинский'!$A$1:$IV$1,0)) -> 0 | D10: =INDEX('Горох'!A8:IV8,MATCH($AA$3,'Горох'!$A$1:$IV$1,0)) -> 8 | E10: =INDEX('Градусова'!A8:IV8,MATCH($AA$3,'Градусова'!$A$1:$IV$1,0)) -> 1 | F10: =INDEX('Ксеневич'!A8:IV8,MATCH($AA$3,'Ксеневич'!$A$1:$IV$1,0)) -> 0 | G10: =INDEX('Кошель'!A8:IV8,MATCH($AA$3,'Кошель'!$A$1:$IV$1,0)) -> 0 | H10: =INDEX('Новик'!A8:IV8,MATCH($AA$3,'Новик'!$A$1:$IV$1,0)) -> 0 | I10: =INDEX('Савич'!A8:IV8,MATCH($AA$3,'Савич'!$A$1:$IV$1,0)) -> 0 | J10: =INDEX('Котик'!A8:IV8,MATCH($AA$3,'Котик'!$A$1:$IV$1,0)) -> 0 | K10: =INDEX('Фурс'!A8:EJ8,MATCH($AA$3,'Фурс'!$A$1:$EJ$1,0)) -> 0 | L10: =INDEX('Омельчук'!A8:IV8,MATCH($AA$3,'Омельчук'!$A$1:$IV$1,0)) -> 0 | M10: =SUM(C10:L10) -> 9 | N10: 1.5 | O10: =C10*N10 -> 0 | P10: =D10*N10 -> 12 | Q10: =E10*N10 -> 1.5 | R10: =F10*N10 -> 0 | S10: =G10*N10 -> 0 | T10: =H10*N10 -> 0 | U10: =I10*N10 -> 0 | V10: =J10*N10 -> 0 | W10: =K10*N10 -> 0 | X10: =L10*N10 -> 0 | Y10: =SUM(O10:X10) -> 13.5
A11: Сканирование документации (листов) | B11: шт. | C11: =INDEX('Городинский'!A9:IV9,MATCH($AA$3,'Городинский'!$A$1:$IV$1,0)) -> 63 | D11: =INDEX('Горох'!A9:IV9,MATCH($AA$3,'Горох'!$A$1:$IV$1,0)) -> 85 | E11: =INDEX('Градусова'!A9:IV9,MATCH($AA$3,'Градусова'!$A$1:$IV$1,0)) -> 463 | F11: =INDEX('Ксеневич'!A9:IV9,MATCH($AA$3,'Ксеневич'!$A$1:$IV$1,0)) -> 250 | G11: =INDEX('Кошель'!A9:IV9,MATCH($AA$3,'Кошель'!$A$1:$IV$1,0)) -> 839 | H11: =INDEX('Новик'!A9:IV9,MATCH($AA$3,'Новик'!$A$1:$IV$1,0)) -> 78 | I11: =INDEX('Савич'!A9:IV9,MATCH($AA$3,'Савич'!$A$1:$IV$1,0)) -> 148 | J11: =INDEX('Котик'!A9:IV9,MATCH($AA$3,'Котик'!$A$1:$IV$1,0)) -> 53 | K11: =INDEX('Фурс'!A9:EJ9,MATCH($AA$3,'Фурс'!$A$1:$EJ$1,0)) -> 25 | L11: =INDEX('Омельчук'!A9:IV9,MATCH($AA$3,'Омельчук'!$A$1:$IV$1,0)) -> 0 | M11: =SUM(C11:L11) -> 2004 | N11: 0.03 | O11: =C11*N11 -> 1.89 | P11: =D11*N11 -> 2.55 | Q11: =E11*N11 -> 13.89 | R11: =F11*N11 -> 7.5 | S11: =G11*N11 -> 25.17 | T11: =H11*N11 -> 2.34 | U11: =I11*N11 -> 4.44 | V11: =J11*N11 -> 1.59 | W11: =K11*N11 -> 0.75 | X11: =L11*N11 -> 0 | Y11: =SUM(O11:X11) -> 60.12
A12: Прикрепление файлов итд в 7 ЭГ | B12: шт. | C12: =INDEX('Городинский'!A10:IV10,MATCH($AA$3,'Городинский'!$A$1:$IV$1,0)) -> 22 | D12: =INDEX('Горох'!A10:IV10,MATCH($AA$3,'Горох'!$A$1:$IV$1,0)) -> 101 | E12: =INDEX('Градусова'!A10:IV10,MATCH($AA$3,'Градусова'!$A$1:$IV$1,0)) -> 263 | F12: =INDEX('Ксеневич'!A10:IV10,MATCH($AA$3,'Ксеневич'!$A$1:$IV$1,0)) -> 91 | G12: =INDEX('Кошель'!A10:IV10,MATCH($AA$3,'Кошель'!$A$1:$IV$1,0)) -> 839 | H12: =INDEX('Новик'!A10:IV10,MATCH($AA$3,'Новик'!$A$1:$IV$1,0)) -> 96 | I12: =INDEX('Савич'!A10:IV10,MATCH($AA$3,'Савич'!$A$1:$IV$1,0)) -> 218 | J12: =INDEX('Котик'!A10:IV10,MATCH($AA$3,'Котик'!$A$1:$IV$1,0)) -> 30 | K12: =INDEX('Фурс'!A10:EJ10,MATCH($AA$3,'Фурс'!$A$1:$EJ$1,0)) -> 18 | L12: =INDEX('Омельчук'!A10:IV10,MATCH($AA$3,'Омельчук'!$A$1:$IV$1,0)) -> 0 | M12: =SUM(C12:L12) -> 1678 | N12: 0.12 | O12: =C12*N12 -> 2.64 | P12: =D12*N12 -> 12.12 | Q12: =E12*N12 -> 31.56 | R12: =F12*N12 -> 10.92 | S12: =G12*N12 -> 100.68 | T12: =H12*N12 -> 11.52 | U12: =I12*N12 -> 26.16 | V12: =J12*N12 -> 3.6 | W12: =K12*N12 -> 2.16 | X12: =L12*N12 -> 0 | Y12: =SUM(O12:X12) -> 201.36
A13: Связь графика КПО с картой КПО | B13: шт. | C13: =INDEX('Городинский'!A11:IV11,MATCH($AA$3,'Городинский'!$A$1:$IV$1,0)) -> 0 | D13: =INDEX('Горох'!A11:IV11,MATCH($AA$3,'Горох'!$A$1:$IV$1,0)) -> 0 | E13: =INDEX('Градусова'!A11:IV11,MATCH($AA$3,'Градусова'!$A$1:$IV$1,0)) -> 0 | F13: =INDEX('Ксеневич'!A11:IV11,MATCH($AA$3,'Ксеневич'!$A$1:$IV$1,0)) -> 0 | G13: =INDEX('Кошель'!A11:IV11,MATCH($AA$3,'Кошель'!$A$1:$IV$1,0)) -> 0 | H13: =INDEX('Новик'!A11:IV11,MATCH($AA$3,'Новик'!$A$1:$IV$1,0)) -> 0 | I13: =INDEX('Савич'!A11:IV11,MATCH($AA$3,'Савич'!$A$1:$IV$1,0)) -> 0 | J13: =INDEX('Котик'!A11:IV11,MATCH($AA$3,'Котик'!$A$1:$IV$1,0)) -> 0 | K13: =INDEX('Фурс'!A11:EJ11,MATCH($AA$3,'Фурс'!$A$1:$EJ$1,0)) -> 0 | L13: =INDEX('Омельчук'!A11:IV11,MATCH($AA$3,'Омельчук'!$A$1:$IV$1,0)) -> 0 | M13: =SUM(C13:L13) -> 0 | N13: 0.58 | O13: =C13*N13 -> 0 | P13: =D13*N13 -> 0 | Q13: =E13*N13 -> 0 | R13: =F13*N13 -> 0 | S13: =G13*N13 -> 0 | T13: =H13*N13 -> 0 | U13: =I13*N13 -> 0 | V13: =J13*N13 -> 0 | W13: =K13*N13 -> 0 | X13: =L13*N13 -> 0 | Y13: =SUM(O13:X13) -> 0
A14: Отрисовка фитингов в МПК Панорама | B14: шт. | C14: =INDEX('Городинский'!A12:IV12,MATCH($AA$3,'Городинский'!$A$1:$IV$1,0)) -> 0 | D14: =INDEX('Горох'!A12:IV12,MATCH($AA$3,'Горох'!$A$1:$IV$1,0)) -> 0 | E14: =INDEX('Градусова'!A12:IV12,MATCH($AA$3,'Градусова'!$A$1:$IV$1,0)) -> 3 | F14: =INDEX('Ксеневич'!A12:IV12,MATCH($AA$3,'Ксеневич'!$A$1:$IV$1,0)) -> 0 | G14: =INDEX('Кошель'!A12:IV12,MATCH($AA$3,'Кошель'!$A$1:$IV$1,0)) -> 0 | H14: =INDEX('Новик'!A12:IV12,MATCH($AA$3,'Новик'!$A$1:$IV$1,0)) -> 2 | I14: =INDEX('Савич'!A12:IV12,MATCH($AA$3,'Савич'!$A$1:$IV$1,0)) -> 0 | J14: =INDEX('Котик'!A12:IV12,MATCH($AA$3,'Котик'!$A$1:$IV$1,0)) -> 0 | K14: =INDEX('Фурс'!A12:EJ12,MATCH($AA$3,'Фурс'!$A$1:$EJ$1,0)) -> 0 | L14: =INDEX('Омельчук'!A12:IV12,MATCH($AA$3,'Омельчук'!$A$1:$IV$1,0)) -> 0 | M14: =SUM(C14:L14) -> 5 | N14: 0.17 | O14: =C14*N14 -> 0 | P14: =D14*N14 -> 0 | Q14: =E14*N14 -> 0.51 | R14: =F14*N14 -> 0 | S14: =G14*N14 -> 0 | T14: =H14*N14 -> 0.34 | U14: =I14*N14 -> 0 | V14: =J14*N14 -> 0 | W14: =K14*N14 -> 0 | X14: =L14*N14 -> 0 | Y14: =SUM(O14:X14) -> 0.85
A15: Нанесение подвалов в МПК "Панорама" | B15: шт. | C15: =INDEX('Городинский'!A13:IV13,MATCH($AA$3,'Городинский'!$A$1:$IV$1,0)) -> 0 | D15: =INDEX('Горох'!A13:IV13,MATCH($AA$3,'Горох'!$A$1:$IV$1,0)) -> 19 | E15: =INDEX('Градусова'!A13:IV13,MATCH($AA$3,'Градусова'!$A$1:$IV$1,0)) -> 0 | F15: =INDEX('Ксеневич'!A13:IV13,MATCH($AA$3,'Ксеневич'!$A$1:$IV$1,0)) -> 0 | G15: =INDEX('Кошель'!A13:IV13,MATCH($AA$3,'Кошель'!$A$1:$IV$1,0)) -> 0 | H15: =INDEX('Новик'!A13:IV13,MATCH($AA$3,'Новик'!$A$1:$IV$1,0)) -> 0 | I15: =INDEX('Савич'!A13:IV13,MATCH($AA$3,'Савич'!$A$1:$IV$1,0)) -> 0 | J15: =INDEX('Котик'!A13:IV13,MATCH($AA$3,'Котик'!$A$1:$IV$1,0)) -> 0 | K15: =INDEX('Фурс'!A13:EJ13,MATCH($AA$3,'Фурс'!$A$1:$EJ$1,0)) -> 0 | L15: =INDEX('Омельчук'!A13:IV13,MATCH($AA$3,'Омельчук'!$A$1:$IV$1,0)) -> 0 | M15: =SUM(C15:L15) -> 19 | N15: 0.17 | O15: =C15*N15 -> 0 | P15: =D15*N15 -> 3.23 | Q15: =E15*N15 -> 0 | R15: =F15*N15 -> 0 | S15: =G15*N15 -> 0 | T15: =H15*N15 -> 0 | U15: =I15*N15 -> 0 | V15: =J15*N15 -> 0 | W15: =K15*N15 -> 0 | X15: =L15*N15 -> 0 | Y15: =SUM(O15:X15) -> 3.23
... A26: Ликвидация неактуальной документации и фотоматериалов в ПК УРГ | B26: шт. | C26: =INDEX('Городинский'!A24:IV24,MATCH($AA$3,'Городинский'!$A$1:$IV$1,0)) -> 0 | D26: =INDEX('Горох'!A24:IV24,MATCH($AA$3,'Горох'!$A$1:$IV$1,0)) -> 0 | E26: =INDEX('Градусова'!A24:IV24,MATCH($AA$3,'Градусова'!$A$1:$IV$1,0)) -> 0 | F26: =INDEX('Ксеневич'!A24:IV24,MATCH($AA$3,'Ксеневич'!$A$1:$IV$1,0)) -> 0 | G26: =INDEX('Кошель'!A24:IV24,MATCH($AA$3,'Кошель'!$A$1:$IV$1,0)) -> 0 | H26: =INDEX('Новик'!A24:IV24,MATCH($AA$3,'Новик'!$A$1:$IV$1,0)) -> 0 | I26: =INDEX('Савич'!A24:IV24,MATCH($AA$3,'Савич'!$A$1:$IV$1,0)) -> 0 | J26: =INDEX('Котик'!A24:IV24,MATCH($AA$3,'Котик'!$A$1:$IV$1,0)) -> 0 | K26: =INDEX('Фурс'!A24:EJ24,MATCH($AA$3,'Фурс'!$A$1:$EJ$1,0)) -> 0 | L26: =INDEX('Омельчук'!A24:IV24,MATCH($AA$3,'Омельчук'!$A$1:$IV$1,0)) -> 0 | M26: =SUM(C26:L26) -> 0 | N26: 0.01 | O26: =C26*N26 -> 0 | P26: =D26*N26 -> 0 | Q26: =E26*N26 -> 0 | R26: =F26*N26 -> 0 | S26: =G26*N26 -> 0 | T26: =H26*N26 -> 0 | U26: =I26*N26 -> 0 | V26: =J26*N26 -> 0 | W26: =K26*N26 -> 0 | X26: =L26*N26 -> 0 | Y26: =SUM(O26:X26) -> 0
A27: Общее | B27: шт. | C27: =SUM(C4:C26) -> 935.22 | D27: =SUM(D4:D26) -> 2291.99 | E27: =SUM(E4:E26) -> 2339.58 | F27: =SUM(F4:F26) -> 951.42 | G27: =SUM(G4:G26) -> 1678 | H27: =SUM(H4:H26) -> 3534.49 | I27: =SUM(I4:I26) -> 3106.27 | J27: =SUM(J4:J26) -> 478.59 | ... L27: =SUM(L4:L26) -> 1685 | M27: =SUM(C27:L27) -> 17155.72 | O27: =ROUND(SUM(O4:O26),0) -> 110 | P27: =ROUND(SUM(P4:P26),0) -> 311 | Q27: =ROUND(SUM(Q4:Q26),0) -> 268 | R27: =ROUND(SUM(R4:R26),0) -> 106 | S27: =ROUND(SUM(S4:S26),0) -> 126 | T27: =ROUND(SUM(T4:T26),0) -> 473 | U27: =ROUND(SUM(U4:U26),0) -> 407 | V27: =ROUND(SUM(V4:V26),0) -> 57 | ... Y27: =ROUND(SUM(Y4:Y26),0) -> 2043
A28: Производительность | B28: % | O28: =(O27/D30) -> 0.98876404 | P28: =(P27/D31) -> 1.8402367 | Q28: =(Q27/D32) -> 1.5227273 | R28: =(R27/D33) -> 0.6318927 | S28: =(S27/D34) -> 0.71590909 | T28: =(T27/D35) -> 3.958159 | U28: =(U27/D36) -> 2.3686201 | V28: =(V27/D38) -> 0.32386364 | W28: =(W27/D39) -> 0.31858407 | X28: =(X27/D37) -> 1.0074516 | Y28: =(Y27/SUM(D30:D37)) -> 1.6226133
A30: Городинский | B30: Отработано | D30: =_xlfn.IFS($B$50=$AA$3,D51,$H$50=$AA$3,L51,$Q$50=$AA$3,S51,$Y$50=$AA$3,AA51,$AE$50=$AA$3,AG51,$AK$50=$AA$3,AM51,$AQ$50=$AA$3,AS51,$AW$50=$AA$3,AY51) -> 111.25 | E30: часов
A31: Горох | B31: Отработано | D31: =_xlfn.IFS($B$50=$AA$3,D52,$H$50=$AA$3,L52,$Q$50=$AA$3,S52,$Y$50=$AA$3,AA52,$AE$50=$AA$3,AG52,$AK$50=$AA$3,AM52,$AQ$50=$AA$3,AS52,$AW$50=$AA$3,AY52) -> 169 | E31: часов
A32: Градусова | B32: Отработано | D32: =_xlfn.IFS($B$50=$AA$3,D53,$H$50=$AA$3,L53,$Q$50=$AA$3,S53,$Y$50=$AA$3,AA53,$AE$50=$AA$3,AG53,$AK$50=$AA$3,AM53,$AQ$50=$AA$3,AS53,$AW$50=$AA$3,AY53) -> 176 | E32: часов
A33: Ксеневич | B33: Отработано | D33: =_xlfn.IFS($B$50=$AA$3,D54,$H$50=$AA$3,L54,$Q$50=$AA$3,S54,$Y$50=$AA$3,AA54,$AE$50=$AA$3,AG54,$AK$50=$AA$3,AM54,$AQ$50=$AA$3,AS54,$AW$50=$AA$3,AY54) -> 167.75 | E33: часов
A34: Кошель | B34: Отработано | D34: =_xlfn.IFS($B$50=$AA$3,D55,$H$50=$AA$3,L55,$Q$50=$AA$3,S55,$Y$50=$AA$3,AA55,$AE$50=$AA$3,AG55,$AK$50=$AA$3,AM55,$AQ$50=$AA$3,AS55,$AW$50=$AA$3,AY55) -> 176 | E34: часов
A35: Новик | B35: Отработано | D35: =_xlfn.IFS($B$50=$AA$3,D56,$H$50=$AA$3,L56,$Q$50=$AA$3,S56,$Y$50=$AA$3,AA56,$AE$50=$AA$3,AG56,$AK$50=$AA$3,AM56,$AQ$50=$AA$3,AS56,$AW$50=$AA$3,AY56) -> 119.5 | E35: часов
A36: Савич | B36: Отработано | D36: =_xlfn.IFS($B$50=$AA$3,D57,$H$50=$AA$3,L57,$Q$50=$AA$3,S57,$Y$50=$AA$3,AA57,$AE$50=$AA$3,AG57,$AK$50=$AA$3,AM57,$AQ$50=$AA$3,AS57,$AW$50=$AA$3,AY57) -> 171.83 | E36: часов
A37: Омельчук | B37: Отработано | D37: =_xlfn.IFS($B$50=$AA$3,D58,$H$50=$AA$3,L58,$Q$50=$AA$3,S58,$Y$50=$AA$3,AA58,$AE$50=$AA$3,AG58,$AK$50=$AA$3,AM58,$AQ$50=$AA$3,AS58,$AW$50=$AA$3,AY58) -> 167.75 | E37: часов
A38: Котик | B38: Отработано | D38: =_xlfn.IFS($B$50=$AA$3,D59,$H$50=$AA$3,L59,$Q$50=$AA$3,S59,$Y$50=$AA$3,AA59,$AE$50=$AA$3,AG59,$AK$50=$AA$3,AM59,$AQ$50=$AA$3,AS59,$AW$50=$AA$3,AY59) -> 176 | E38: часов
A39: Фурс | B39: Отработано | D39: =_xlfn.IFS($B$50=$AA$3,D60,$H$50=$AA$3,L60,$Q$50=$AA$3,S60,$Y$50=$AA$3,AA60,$AE$50=$AA$3,AG60,$AK$50=$AA$3,AM60,$AQ$50=$AA$3,AS60,$AW$50=$AA$3,AY60) -> 56.5 | E39: часов
A41: Руководитель ГООГС СЭОГС | B41: ______________________ | D41: Бутько В.С
B50: Май | H50: Июнь | Q50: Июль | Y50: Август | AE50: Сентябрь | AK50: Октябрь | AQ50: Ноябрь | AW50: Декабрь | BC50: Всё
A51: Городинский | B51: Отработано | D51: 39 | E51: часов | G51: Городинский | H51: Отработано | L51: 176 | N51: часов | P51: Городинский | Q51: Отработано | S51: 175 | T51: часов | X51: Городинский | Y51: Отработано | AA51: 159.75 | AB51: часов | AD51: Городинский | AE51: Отработано | AG51: 111.25 | AH51: часов | AJ51: Городинский | AK51: Отработано | AN51: часов | AP51: Городинский | AQ51: Отработано | AT51: часов | AV51: Городинский | AW51: Отработано | AZ51: часов | BB51: Городинский | BC51: Отработано | BF51: часов
A52: Горох | B52: Отработано | D52: 143.75 | E52: часов | G52: Горох | H52: Отработано | L52: 127.75 | N52: часов | P52: Горох | Q52: Отработано | S52: 119.5 | T52: часов | X52: Горох | Y52: Отработано | AA52: 140.25 | AB52: часов | AD52: Горох | AE52: Отработано | AG52: 169 | AH52: часов | AJ52: Горох | AK52: Отработано | AN52: часов | AP52: Горох | AQ52: Отработано | AT52: часов | AV52: Горох | AW52: Отработано | AZ52: часов | BB52: Горох | BC52: Отработано | BF52: часов
A53: Градусова | B53: Отработано | D53: 149.75 | E53: часов | G53: Градусова | H53: Отработано | L53: 176 | N53: часов | P53: Градусова | Q53: Отработано | S53: 135 | T53: часов | X53: Градусова | Y53: Отработано | AA53: 79.75 | AB53: часов | AD53: Градусова | AE53: Отработано | AG53: 176 | AH53: часов | AJ53: Градусова | AK53: Отработано | AN53: часов | AP53: Градусова | AQ53: Отработано | AT53: часов | AV53: Градусова | AW53: Отработано | AZ53: часов | BB53: Градусова | BC53: Отработано | BF53: часов
A54: Ксеневич | B54: Отработано | D54: 70.75 | E54: часов | G54: Ксеневич | H54: Отработано | L54: 85.75 | N54: часов | P54: Ксеневич | Q54: Отработано | S54: 156.5 | T54: часов | X54: Ксеневич | Y54: Отработано | AA54: 163.75 | AB54: часов | AD54: Ксеневич | AE54: Отработано | AG54: 167.75 | AH54: часов | AJ54: Ксеневич | AK54: Отработано | AN54: часов | AP54: Ксеневич | AQ54: Отработано | AT54: часов | AV54: Ксеневич | AW54: Отработано | AZ54: часов | BB54: Ксеневич | BC54: Отработано | BF54: часов
A55: Кошель | B55: Отработано | D55: 99.5 | E55: часов | G55: Кошель | H55: Отработано | L55: 127.75 | N55: часов | P55: Кошель | Q55: Отработано | S55: 175 | T55: часов | X55: Кошель | Y55: Отработано | AA55: 161 | AB55: часов | AD55: Кошель | AE55: Отработано | AG55: 176 | AH55: часов | AJ55: Кошель | AK55: Отработано | AN55: часов | AP55: Кошель | AQ55: Отработано | AT55: часов | AV55: Кошель | AW55: Отработано | AZ55: часов | BB55: Кошель | BC55: Отработано | BF55: часов
A56: Новик | B56: Отработано | D56: 159 | E56: часов | G56: Новик | H56: Отработано | L56: 112.5 | N56: часов | P56: Новик | Q56: Отработано | S56: 80.25 | T56: часов | X56: Новик | Y56: Отработано | AA56: 168 | AB56: часов | AD56: Новик | AE56: Отработано | AG56: 119.5 | AH56: часов | AJ56: Новик | AK56: Отработано | AN56: часов | AP56: Новик | AQ56: Отработано | AT56: часов | AV56: Новик | AW56: Отработано | AZ56: часов | BB56: Новик | BC56: Отработано | BF56: часов
A57: Савич | B57: Отработано | D57: 120 | E57: часов | G57: Савич | H57: Отработано | L57: 174 | N57: часов | P57: Савич | Q57: Отработано | S57: 55.5 | T57: часов | X57: Савич | Y57: Отработано | AA57: 168 | AB57: часов | AD57: Савич | AE57: Отработано | AG57: 171.83 | AH57: часов | AJ57: Савич | AK57: Отработано | AN57: часов | AP57: Савич | AQ57: Отработано | AT57: часов | AV57: Савич | AW57: Отработано | AZ57: часов | BB57: Савич | BC57: Отработано | BF57: часов
A58: Омельчук | B58: Отработано | D58: 159 | E58: часов | G58: Омельчук | H58: Отработано | L58: 176 | N58: часов | P58: Омельчук | Q58: Отработано | S58: 175 | T58: часов | X58: Омельчук | Y58: Отработано | AA58: 88 | AB58: часов | AD58: Омельчук | AE58: Отработано | AG58: 167.75 | AH58: часов | AJ58: Омельчук | AK58: Отработано | AN58: часов | AP58: Омельчук | AQ58: Отработано | AT58: часов | AV58: Омельчук | AW58: Отработано | AZ58: часов | BB58: Омельчук | BC58: Отработано | BF58: часов
AD59: Котик | AE59: Отработано | AG59: 176 | AH59: часов | AJ59: Котик | AK59: Отработано | AN59: часов | AP59: Котик | AQ59: Отработано | AT59: часов | AV59: Котик | AW59: Отработано | AZ59: часов | BB59: Котик | BC59: Отработано | BF59: часов
AD60: Фурс | AE60: Отработано | AG60: 56.5 | AH60: часов | AJ60: Фурс | AK60: Отработано | AN60: часов | AP60: Фурс | AQ60: Отработано | AT60: часов | AV60: Фурс | AW60: Отработано | AZ60: часов | BB60: Фурс | BC60: Отработано | BF60: часов
